,Start Date,counts
0,2015-05-21,-1
1,2016-01-01,-2
2,2016-01-05,-3
3,2016-01-07,-4
4,2016-01-12,-5
5,2016-01-29,-6
0,2016-02-12,-5
6,2016-02-16,-6
1,2016-02-19,-5
7,2016-04-29,-7
2,2016-06-10,-6
8,2016-06-14,-7
3,2016-06-26,-6
4,2016-06-27,12
5,2016-06-28,13
6,2016-06-28,14
7,2016-06-28,15
8,2016-06-28,34
9,2016-06-29,35
10,2016-06-29,36
9,2016-06-29,35
10,2016-06-30,34
11,2016-07-04,37
11,2016-07-11,36
12,2016-07-14,37
13,2016-07-17,58
14,2016-07-18,59
15,2016-07-18,80
16,2016-07-19,81
17,2016-07-19,118
18,2016-07-20,119
19,2016-07-20,120
20,2016-07-20,121
21,2016-07-20,122
22,2016-07-20,172
23,2016-07-21,173
24,2016-07-21,174
25,2016-07-21,186
26,2016-07-24,202
27,2016-07-27,222
28,2016-07-28,237
12,2016-07-28,236
13,2016-07-29,235
29,2016-07-31,260
30,2016-08-01,279
31,2016-08-02,293
32,2016-08-09,298
33,2016-08-10,303
34,2016-08-11,304
35,2016-08-11,310
36,2016-08-13,329
37,2016-08-14,330
38,2016-08-14,348
39,2016-08-15,349
40,2016-08-15,374
41,2016-08-16,375
42,2016-08-16,390
43,2016-08-17,391
44,2016-08-17,405
14,2016-08-22,404
15,2016-08-23,403
45,2016-08-24,404
46,2016-08-25,429
47,2016-08-26,430
48,2016-08-26,431
49,2016-08-29,436
16,2016-08-29,435
50,2016-08-30,436
17,2016-08-31,435
51,2016-09-04,437
52,2016-09-05,448
53,2016-09-06,453
54,2016-09-07,513
18,2016-10-02,512
55,2016-10-03,513
56,2016-10-03,514
57,2016-10-03,515
58,2016-10-03,516
59,2016-10-04,517
60,2016-10-04,518
61,2016-10-04,519
62,2016-10-04,520
63,2016-10-04,521
64,2016-10-09,522
65,2016-10-10,523
66,2016-10-10,524
67,2016-10-10,525
68,2016-10-10,526
69,2016-10-10,527
70,2016-10-10,528
71,2016-10-10,529
72,2016-10-10,530
73,2016-10-10,531
74,2016-10-10,532
75,2016-10-10,533
76,2016-10-10,534
77,2016-10-10,535
78,2016-10-10,536
79,2016-10-10,537
80,2016-10-10,538
81,2016-10-10,539
82,2016-10-10,540
83,2016-10-10,541
84,2016-10-10,542
85,2016-10-10,543
86,2016-10-10,544
87,2016-10-10,545
88,2016-10-10,546
89,2016-10-10,547
90,2016-10-10,548
91,2016-10-10,549
92,2016-10-10,550
93,2016-10-10,551
94,2016-10-10,552
95,2016-10-10,553
96,2016-10-10,554
97,2016-10-10,556
19,2016-10-10,555
98,2016-10-11,556
99,2016-10-11,557
100,2016-10-11,558
101,2016-10-11,559
102,2016-10-11,560
103,2016-10-11,561
104,2016-10-11,562
105,2016-10-11,563
106,2016-10-11,564
107,2016-10-11,565
108,2016-10-12,566
109,2016-10-13,567
110,2016-10-13,568
111,2016-10-13,569
112,2016-10-13,570
113,2016-10-13,571
114,2016-10-13,572
115,2016-10-17,573
116,2016-10-17,574
117,2016-10-17,575
118,2016-10-17,576
119,2016-10-17,577
120,2016-10-17,578
121,2016-10-17,579
122,2016-10-17,580
123,2016-10-17,581
124,2016-10-17,582
125,2016-10-17,583
126,2016-10-17,584
127,2016-10-17,585
128,2016-10-17,586
129,2016-10-17,587
130,2016-10-17,590
131,2016-10-18,591
132,2016-10-18,592
133,2016-10-18,593
134,2016-10-18,595
135,2016-10-18,596
136,2016-10-18,597
137,2016-10-18,598
138,2016-10-18,599
139,2016-10-18,600
140,2016-10-18,601
141,2016-10-18,602
142,2016-10-18,603
143,2016-10-18,604
144,2016-10-18,605
145,2016-10-18,606
146,2016-10-18,607
147,2016-10-18,608
148,2016-10-18,609
149,2016-10-18,610
150,2016-10-18,611
151,2016-10-18,612
152,2016-10-18,613
153,2016-10-18,614
154,2016-10-18,615
155,2016-10-18,616
156,2016-10-18,617
157,2016-10-18,618
158,2016-10-18,619
159,2016-10-18,620
160,2016-10-18,621
161,2016-10-18,622
162,2016-10-20,623
163,2016-10-24,624
164,2016-10-24,625
165,2016-10-27,626
166,2016-10-27,627
167,2016-10-27,628
168,2016-10-27,629
169,2016-10-27,630
170,2016-10-27,631
171,2016-10-27,632
172,2016-10-27,633
20,2016-10-27,632
21,2016-10-29,631
173,2016-10-31,633
174,2016-11-01,634
175,2016-11-01,635
176,2016-11-01,636
177,2016-11-01,637
178,2016-11-01,638
179,2016-11-01,639
180,2016-11-01,640
181,2016-11-01,641
182,2016-11-01,642
183,2016-11-07,643
184,2016-11-08,644
185,2016-11-08,645
186,2016-11-08,647
187,2016-11-09,648
188,2016-11-09,649
189,2016-11-09,650
190,2016-11-09,651
191,2016-11-09,652
192,2016-11-09,653
193,2016-11-09,654
194,2016-11-09,655
195,2016-11-09,656
196,2016-11-09,657
197,2016-11-09,658
198,2016-11-09,659
199,2016-11-10,660
200,2016-11-10,661
201,2016-11-10,662
202,2016-11-10,663
203,2016-11-10,664
204,2016-11-10,665
205,2016-11-10,666
206,2016-11-10,667
207,2016-11-10,668
208,2016-11-10,669
209,2016-11-10,670
210,2016-11-10,671
211,2016-11-10,672
212,2016-11-10,673
22,2016-11-10,672
213,2016-11-11,673
214,2016-11-11,674
215,2016-11-11,675
216,2016-11-11,676
217,2016-11-11,677
218,2016-11-11,678
219,2016-11-11,679
220,2016-11-11,680
221,2016-11-11,681
222,2016-11-11,682
223,2016-11-11,683
224,2016-11-11,684
225,2016-11-11,685
226,2016-11-11,686
227,2016-11-11,687
228,2016-11-11,688
229,2016-11-14,689
230,2016-11-14,690
231,2016-11-15,691
232,2016-11-15,692
233,2016-11-15,693
234,2016-11-15,694
235,2016-11-16,695
236,2016-11-16,696
237,2016-11-16,697
238,2016-11-16,698
239,2016-11-16,699
240,2016-11-16,700
241,2016-11-16,701
242,2016-11-16,702
243,2016-11-16,703
244,2016-11-16,704
245,2016-11-16,705
246,2016-11-16,706
247,2016-11-16,707
248,2016-11-17,710
249,2016-11-18,711
250,2016-11-18,712
251,2016-11-18,713
252,2016-11-18,714
253,2016-11-18,715
254,2016-11-18,716
255,2016-11-18,717
256,2016-11-18,718
257,2016-11-18,719
258,2016-11-18,720
259,2016-11-18,721
260,2016-11-18,722
261,2016-11-18,723
262,2016-11-18,724
263,2016-11-18,725
264,2016-11-18,726
265,2016-11-18,727
266,2016-11-18,728
267,2016-11-18,729
268,2016-11-18,730
269,2016-11-18,731
270,2016-11-18,732
271,2016-11-18,733
272,2016-11-18,734
273,2016-11-18,735
274,2016-11-18,736
275,2016-11-18,737
276,2016-11-20,738
277,2016-11-21,739
278,2016-11-21,740
279,2016-11-21,741
280,2016-11-21,742
281,2016-11-21,743
282,2016-11-21,744
283,2016-11-21,745
284,2016-11-21,746
285,2016-11-21,747
286,2016-11-21,748
287,2016-11-21,749
288,2016-11-22,750
289,2016-11-22,751
290,2016-11-22,752
23,2016-11-22,751
291,2016-11-23,752
292,2016-11-25,753
293,2016-11-27,756
294,2016-11-28,757
295,2016-11-28,758
296,2016-11-28,759
297,2016-11-28,760
298,2016-11-28,761
299,2016-11-28,762
300,2016-11-28,763
301,2016-11-28,764
24,2016-11-28,763
302,2016-11-29,764
303,2016-11-29,765
304,2016-11-29,766
305,2016-11-29,767
306,2016-11-29,768
307,2016-11-29,769
308,2016-11-29,770
309,2016-11-29,771
310,2016-11-29,772
311,2016-11-29,773
312,2016-11-29,774
313,2016-11-29,775
314,2016-11-29,776
315,2016-11-29,777
316,2016-11-29,778
317,2016-11-29,779
318,2016-11-29,780
319,2016-11-29,781
320,2016-11-29,782
25,2016-11-29,778
321,2016-11-29,779
322,2016-11-30,780
323,2016-11-30,781
324,2016-11-30,782
325,2016-11-30,783
326,2016-11-30,784
327,2016-11-30,785
328,2016-11-30,786
26,2016-11-30,783
329,2016-12-06,784
330,2016-12-07,785
331,2016-12-07,786
332,2016-12-07,787
333,2016-12-07,788
334,2016-12-07,789
335,2016-12-07,790
336,2016-12-07,791
337,2016-12-07,792
338,2016-12-07,793
339,2016-12-08,794
340,2016-12-08,795
341,2016-12-08,796
342,2016-12-08,797
343,2016-12-08,798
344,2016-12-08,799
345,2016-12-08,800
346,2016-12-12,801
347,2016-12-12,802
348,2016-12-12,803
349,2016-12-12,804
350,2016-12-12,810
351,2016-12-13,811
352,2016-12-13,812
353,2016-12-13,813
354,2016-12-13,814
355,2016-12-13,817
27,2016-12-13,816
356,2016-12-14,817
357,2016-12-14,818
358,2016-12-14,819
359,2016-12-14,820
360,2016-12-14,821
361,2016-12-15,822
362,2016-12-15,823
363,2016-12-15,824
364,2016-12-19,825
365,2016-12-19,826
366,2016-12-19,827
367,2016-12-19,828
28,2016-12-29,827
29,2016-12-31,826
30,2017-01-01,824
31,2017-01-02,819
32,2017-01-03,815
33,2017-01-04,812
368,2017-01-06,813
369,2017-01-06,814
34,2017-01-08,813
370,2017-01-10,814
371,2017-01-10,815
372,2017-01-12,816
373,2017-01-12,817
374,2017-01-16,818
375,2017-01-16,824
35,2017-01-17,823
376,2017-01-17,831
377,2017-01-18,832
378,2017-01-18,833
379,2017-01-18,834
380,2017-01-22,835
381,2017-01-23,836
36,2017-01-23,835
382,2017-01-24,836
383,2017-01-24,838
384,2017-01-25,839
385,2017-01-25,840
386,2017-01-25,841
387,2017-01-25,842
388,2017-01-25,843
389,2017-01-25,844
390,2017-01-27,845
391,2017-01-27,846
392,2017-01-27,847
37,2017-01-29,844
393,2017-01-30,845
38,2017-01-30,844
394,2017-01-31,845
39,2017-01-31,844
395,2017-02-01,845
396,2017-02-01,846
397,2017-02-01,847
398,2017-02-01,848
399,2017-02-01,849
400,2017-02-01,850
401,2017-02-01,851
402,2017-02-01,852
403,2017-02-01,853
404,2017-02-01,854
405,2017-02-02,855
406,2017-02-02,856
407,2017-02-03,857
408,2017-02-03,858
409,2017-02-06,859
410,2017-02-06,860
411,2017-02-06,861
412,2017-02-06,862
413,2017-02-06,863
414,2017-02-06,864
415,2017-02-06,865
40,2017-02-06,864
416,2017-02-08,865
417,2017-02-09,866
418,2017-02-09,867
419,2017-02-10,868
420,2017-02-10,869
41,2017-02-12,868
421,2017-02-12,887
422,2017-02-13,888
423,2017-02-13,889
424,2017-02-13,890
425,2017-02-13,891
426,2017-02-15,892
427,2017-02-15,893
428,2017-02-15,894
42,2017-02-15,890
429,2017-02-17,891
430,2017-02-21,892
431,2017-02-21,893
432,2017-02-22,894
433,2017-02-22,895
434,2017-02-22,896
435,2017-02-22,897
436,2017-02-22,898
437,2017-02-22,899
438,2017-02-22,900
439,2017-02-22,901
440,2017-02-22,902
441,2017-02-22,903
442,2017-02-22,904
443,2017-02-22,905
444,2017-02-22,906
445,2017-02-22,907
446,2017-02-22,908
447,2017-02-22,909
448,2017-02-23,910
449,2017-02-23,911
450,2017-02-23,912
451,2017-02-23,913
452,2017-02-23,914
453,2017-02-24,915
454,2017-02-25,916
455,2017-02-25,917
456,2017-02-25,918
457,2017-02-25,919
458,2017-02-25,920
459,2017-02-25,921
460,2017-02-25,922
461,2017-02-25,923
462,2017-02-25,924
463,2017-02-26,926
464,2017-02-27,927
465,2017-02-27,928
466,2017-02-27,929
467,2017-02-27,930
43,2017-02-27,929
468,2017-02-28,931
44,2017-02-28,927
469,2017-03-01,928
470,2017-03-01,929
471,2017-03-01,931
472,2017-03-01,932
473,2017-03-02,933
474,2017-03-04,934
475,2017-03-05,935
476,2017-03-05,936
477,2017-03-06,937
478,2017-03-06,938
479,2017-03-06,939
480,2017-03-07,940
481,2017-03-07,941
482,2017-03-07,942
483,2017-03-07,943
484,2017-03-07,944
485,2017-03-07,945
486,2017-03-07,946
487,2017-03-07,947
488,2017-03-08,948
489,2017-03-08,949
490,2017-03-08,950
491,2017-03-08,951
492,2017-03-08,952
493,2017-03-08,953
494,2017-03-09,954
495,2017-03-09,955
496,2017-03-09,956
497,2017-03-09,957
498,2017-03-09,958
499,2017-03-09,959
500,2017-03-09,960
501,2017-03-09,961
502,2017-03-09,962
503,2017-03-09,963
504,2017-03-09,964
505,2017-03-09,965
506,2017-03-09,966
507,2017-03-09,967
508,2017-03-09,968
509,2017-03-09,969
510,2017-03-09,970
511,2017-03-09,971
512,2017-03-09,972
513,2017-03-09,973
514,2017-03-09,974
515,2017-03-09,975
516,2017-03-09,976
517,2017-03-09,977
518,2017-03-09,978
519,2017-03-09,979
520,2017-03-09,980
521,2017-03-10,981
522,2017-03-10,982
523,2017-03-10,983
524,2017-03-10,984
525,2017-03-13,985
526,2017-03-13,986
527,2017-03-13,987
528,2017-03-13,988
529,2017-03-13,989
530,2017-03-14,990
531,2017-03-14,991
532,2017-03-14,992
533,2017-03-14,993
534,2017-03-14,994
535,2017-03-14,995
536,2017-03-14,996
537,2017-03-14,997
538,2017-03-14,998
539,2017-03-15,999
45,2017-03-20,997
540,2017-03-22,998
541,2017-03-22,999
542,2017-03-22,1000
543,2017-03-26,1002
544,2017-03-27,1003
545,2017-03-27,1004
546,2017-03-28,1005
547,2017-03-28,1006
548,2017-03-28,1007
549,2017-03-28,1008
550,2017-03-28,1009
551,2017-03-28,1010
552,2017-03-28,1011
553,2017-03-28,1012
554,2017-03-28,1013
555,2017-03-28,1014
556,2017-03-28,1015
557,2017-03-28,1016
558,2017-03-28,1017
559,2017-03-28,1018
560,2017-03-28,1019
561,2017-03-28,1020
562,2017-03-28,1021
563,2017-03-29,1022
564,2017-03-29,1023
565,2017-03-29,1024
566,2017-03-29,1025
567,2017-03-29,1026
568,2017-03-29,1027
569,2017-03-29,1028
570,2017-03-29,1029
571,2017-03-29,1030
572,2017-03-29,1031
573,2017-03-29,1032
574,2017-03-29,1033
575,2017-03-29,1034
576,2017-03-29,1035
577,2017-03-29,1036
578,2017-03-29,1037
579,2017-03-29,1038
580,2017-03-29,1039
581,2017-03-29,1040
582,2017-03-29,1041
583,2017-03-29,1042
584,2017-03-29,1043
585,2017-03-29,1044
586,2017-03-29,1045
587,2017-03-29,1046
46,2017-03-29,1045
588,2017-03-30,1046
589,2017-03-30,1047
590,2017-03-31,1048
591,2017-03-31,1049
592,2017-03-31,1050
47,2017-03-31,1049
48,2017-04-02,1048
593,2017-04-03,1049
594,2017-04-03,1050
595,2017-04-03,1051
596,2017-04-03,1052
597,2017-04-03,1053
598,2017-04-03,1054
599,2017-04-03,1055
600,2017-04-03,1056
601,2017-04-04,1057
602,2017-04-04,1058
603,2017-04-04,1059
604,2017-04-04,1060
605,2017-04-04,1061
606,2017-04-04,1062
607,2017-04-04,1063
608,2017-04-05,1064
609,2017-04-05,1065
610,2017-04-05,1066
611,2017-04-06,1067
612,2017-04-06,1068
613,2017-04-07,1069
614,2017-04-07,1070
615,2017-04-07,1071
616,2017-04-07,1072
617,2017-04-07,1073
618,2017-04-07,1074
49,2017-04-09,1072
619,2017-04-10,1073
620,2017-04-10,1074
621,2017-04-10,1075
622,2017-04-11,1076
623,2017-04-11,1077
624,2017-04-11,1078
625,2017-04-12,1079
50,2017-04-12,1078
626,2017-04-13,1079
627,2017-04-13,1080
628,2017-04-15,1081
51,2017-04-16,1080
629,2017-04-18,1081
630,2017-04-18,1082
631,2017-04-18,1083
632,2017-04-18,1084
633,2017-04-18,1085
634,2017-04-18,1086
635,2017-04-18,1087
636,2017-04-18,1088
637,2017-04-18,1089
638,2017-04-18,1090
639,2017-04-18,1091
640,2017-04-18,1092
641,2017-04-18,1093
642,2017-04-18,1094
643,2017-04-18,1095
644,2017-04-18,1096
645,2017-04-19,1097
646,2017-04-19,1098
647,2017-04-20,1099
648,2017-04-20,1100
649,2017-04-20,1101
52,2017-04-23,1100
650,2017-04-24,1101
651,2017-04-24,1102
652,2017-04-24,1103
653,2017-04-24,1104
654,2017-04-24,1105
655,2017-04-24,1106
656,2017-04-24,1107
657,2017-04-24,1108
658,2017-04-24,1109
659,2017-04-24,1111
660,2017-04-24,1112
661,2017-04-24,1113
662,2017-04-24,1114
663,2017-04-24,1115
664,2017-04-24,1116
665,2017-04-24,1117
666,2017-04-24,1118
667,2017-04-24,1119
668,2017-04-24,1120
669,2017-04-24,1121
670,2017-04-24,1122
671,2017-04-24,1123
672,2017-04-24,1124
673,2017-04-24,1125
674,2017-04-24,1126
675,2017-04-24,1127
676,2017-04-24,1128
677,2017-04-24,1129
678,2017-04-25,1130
679,2017-04-25,1131
680,2017-04-28,1132
53,2017-04-29,1131
54,2017-04-30,1130
55,2017-05-01,1129
681,2017-05-02,1130
682,2017-05-03,1131
683,2017-05-03,1132
684,2017-05-03,1133
685,2017-05-03,1134
686,2017-05-03,1135
687,2017-05-03,1136
688,2017-05-03,1137
689,2017-05-03,1138
690,2017-05-03,1139
691,2017-05-03,1140
692,2017-05-03,1141
693,2017-05-03,1142
694,2017-05-03,1143
695,2017-05-03,1144
696,2017-05-03,1145
697,2017-05-03,1146
698,2017-05-03,1147
699,2017-05-03,1148
700,2017-05-04,1149
701,2017-05-04,1150
702,2017-05-04,1151
703,2017-05-04,1152
704,2017-05-04,1153
705,2017-05-04,1154
706,2017-05-04,1155
707,2017-05-04,1156
708,2017-05-04,1157
709,2017-05-04,1158
710,2017-05-04,1159
711,2017-05-04,1160
56,2017-05-04,1158
712,2017-05-05,1159
713,2017-05-07,1160
57,2017-05-08,1158
714,2017-05-09,1159
715,2017-05-10,1160
716,2017-05-11,1161
717,2017-05-11,1162
718,2017-05-12,1163
719,2017-05-12,1164
720,2017-05-15,1165
721,2017-05-15,1166
722,2017-05-15,1167
723,2017-05-16,1168
724,2017-05-16,1169
725,2017-05-16,1170
726,2017-05-17,1171
727,2017-05-17,1172
728,2017-05-17,1173
729,2017-05-17,1174
730,2017-05-17,1175
731,2017-05-17,1176
732,2017-05-17,1177
733,2017-05-17,1178
734,2017-05-17,1179
735,2017-05-17,1180
736,2017-05-17,1181
737,2017-05-17,1182
738,2017-05-17,1183
739,2017-05-17,1184
740,2017-05-17,1185
741,2017-05-17,1186
742,2017-05-17,1187
743,2017-05-17,1188
744,2017-05-17,1189
745,2017-05-17,1190
746,2017-05-17,1191
747,2017-05-17,1192
748,2017-05-17,1193
749,2017-05-18,1194
750,2017-05-18,1195
751,2017-05-18,1196
752,2017-05-18,1197
753,2017-05-18,1198
754,2017-05-18,1199
755,2017-05-18,1200
756,2017-05-18,1201
757,2017-05-18,1202
758,2017-05-19,1203
759,2017-05-19,1204
760,2017-05-19,1205
761,2017-05-19,1206
762,2017-05-19,1207
763,2017-05-19,1208
764,2017-05-19,1209
765,2017-05-19,1210
766,2017-05-19,1211
767,2017-05-19,1212
768,2017-05-20,1213
769,2017-05-20,1214
770,2017-05-22,1215
771,2017-05-22,1216
772,2017-05-22,1217
773,2017-05-22,1218
774,2017-05-22,1219
775,2017-05-22,1220
776,2017-05-22,1221
777,2017-05-22,1222
778,2017-05-22,1223
779,2017-05-22,1224
780,2017-05-22,1225
781,2017-05-22,1226
782,2017-05-23,1227
783,2017-05-23,1228
784,2017-05-23,1229
785,2017-05-23,1230
786,2017-05-23,1231
787,2017-05-23,1232
788,2017-05-23,1233
789,2017-05-23,1234
790,2017-05-23,1235
791,2017-05-23,1236
792,2017-05-23,1237
793,2017-05-23,1238
794,2017-05-23,1239
795,2017-05-23,1240
796,2017-05-23,1241
797,2017-05-23,1242
798,2017-05-23,1243
799,2017-05-23,1244
800,2017-05-23,1245
801,2017-05-23,1246
802,2017-05-23,1247
803,2017-05-23,1248
804,2017-05-23,1249
805,2017-05-23,1250
806,2017-05-23,1251
807,2017-05-23,1252
808,2017-05-23,1253
809,2017-05-23,1254
810,2017-05-23,1255
811,2017-05-23,1256
812,2017-05-23,1257
813,2017-05-23,1258
814,2017-05-23,1259
815,2017-05-23,1260
816,2017-05-23,1261
817,2017-05-23,1262
818,2017-05-23,1263
819,2017-05-23,1264
820,2017-05-23,1265
821,2017-05-23,1266
822,2017-05-23,1281
823,2017-05-24,1282
824,2017-05-24,1283
825,2017-05-24,1284
826,2017-05-26,1285
827,2017-05-29,1286
828,2017-05-29,1287
829,2017-05-29,1288
830,2017-05-29,1289
831,2017-05-29,1290
832,2017-05-29,1291
833,2017-05-29,1292
834,2017-05-29,1293
835,2017-05-29,1294
836,2017-05-29,1295
837,2017-05-29,1296
838,2017-05-29,1297
839,2017-05-29,1298
840,2017-05-29,1299
841,2017-05-29,1300
842,2017-05-29,1301
843,2017-05-29,1302
844,2017-05-29,1303
58,2017-05-29,1302
845,2017-05-29,1303
846,2017-05-30,1304
847,2017-05-30,1305
848,2017-05-30,1306
849,2017-05-30,1307
59,2017-05-30,1304
850,2017-05-31,1305
851,2017-05-31,1306
852,2017-05-31,1307
853,2017-05-31,1308
854,2017-05-31,1309
855,2017-05-31,1310
856,2017-05-31,1311
857,2017-05-31,1312
60,2017-05-31,1309
858,2017-06-01,1310
859,2017-06-01,1311
860,2017-06-01,1312
861,2017-06-01,1313
862,2017-06-01,1314
61,2017-06-05,1312
863,2017-06-08,1313
864,2017-06-08,1314
865,2017-06-08,1315
866,2017-06-12,1316
867,2017-06-12,1317
868,2017-06-12,1318
869,2017-06-12,1319
870,2017-06-13,1320
871,2017-06-13,1321
872,2017-06-13,1322
873,2017-06-13,1323
874,2017-06-13,1324
875,2017-06-13,1325
876,2017-06-13,1326
877,2017-06-14,1327
878,2017-06-14,1328
879,2017-06-14,1329
62,2017-06-14,1328
880,2017-06-15,1329
881,2017-06-17,1330
882,2017-06-19,1331
883,2017-06-19,1332
884,2017-06-19,1333
885,2017-06-19,1334
886,2017-06-19,1335
887,2017-06-19,1336
888,2017-06-19,1337
889,2017-06-19,1338
890,2017-06-19,1339
891,2017-06-19,1340
892,2017-06-19,1341
893,2017-06-19,1342
894,2017-06-20,1343
895,2017-06-21,1344
63,2017-06-21,1343
896,2017-06-22,1344
897,2017-06-22,1345
898,2017-06-22,1346
899,2017-06-23,1347
900,2017-06-25,1348
901,2017-06-25,1349
902,2017-06-26,1350
903,2017-06-26,1351
904,2017-06-26,1352
905,2017-06-26,1353
906,2017-06-26,1354
907,2017-06-26,1355
908,2017-06-26,1356
909,2017-06-26,1357
910,2017-06-27,1358
911,2017-06-27,1359
912,2017-06-27,1360
913,2017-06-27,1361
914,2017-06-27,1362
915,2017-06-27,1363
916,2017-06-27,1364
917,2017-06-27,1365
918,2017-06-27,1366
919,2017-06-27,1367
920,2017-06-27,1368
921,2017-06-27,1369
922,2017-06-27,1370
923,2017-06-27,1371
924,2017-06-27,1372
925,2017-06-27,1373
926,2017-06-27,1374
927,2017-06-27,1375
928,2017-06-27,1376
929,2017-06-27,1377
930,2017-06-27,1378
931,2017-06-27,1379
932,2017-06-27,1380
933,2017-06-27,1381
934,2017-06-27,1382
935,2017-06-27,1383
936,2017-06-27,1384
937,2017-06-27,1385
938,2017-06-27,1386
939,2017-06-27,1387
940,2017-06-27,1388
941,2017-06-27,1389
942,2017-06-27,1390
943,2017-06-27,1391
944,2017-06-27,1392
64,2017-06-27,1391
945,2017-06-28,1392
946,2017-06-28,1393
947,2017-06-28,1394
948,2017-06-28,1395
949,2017-06-28,1396
950,2017-06-28,1397
951,2017-06-28,1398
952,2017-06-28,1399
953,2017-06-28,1400
954,2017-06-28,1401
955,2017-06-28,1402
956,2017-06-28,1403
957,2017-06-28,1404
958,2017-06-28,1405
959,2017-06-28,1406
960,2017-06-28,1407
961,2017-06-28,1408
962,2017-06-28,1409
963,2017-06-28,1410
65,2017-06-28,1409
964,2017-06-29,1410
965,2017-06-29,1411
966,2017-06-29,1412
967,2017-06-29,1413
968,2017-06-29,1414
969,2017-06-29,1415
970,2017-06-30,1416
971,2017-06-30,1417
972,2017-06-30,1418
973,2017-06-30,1419
974,2017-06-30,1420
975,2017-06-30,1421
976,2017-06-30,1422
977,2017-06-30,1423
978,2017-06-30,1424
979,2017-06-30,1425
980,2017-06-30,1426
981,2017-06-30,1427
982,2017-06-30,1428
983,2017-06-30,1429
984,2017-06-30,1430
985,2017-06-30,1431
986,2017-06-30,1432
987,2017-06-30,1433
988,2017-06-30,1434
989,2017-06-30,1435
990,2017-07-03,1436
991,2017-07-03,1437
992,2017-07-03,1438
993,2017-07-03,1439
994,2017-07-03,1440
995,2017-07-03,1441
996,2017-07-03,1442
997,2017-07-03,1443
998,2017-07-03,1444
999,2017-07-03,1445
1000,2017-07-04,1446
1001,2017-07-04,1447
66,2017-07-04,1445
1002,2017-07-05,1446
1003,2017-07-06,1447
1004,2017-07-06,1448
1005,2017-07-06,1449
1006,2017-07-06,1450
67,2017-07-08,1449
1007,2017-07-10,1450
1008,2017-07-10,1451
1009,2017-07-10,1452
1010,2017-07-11,1453
1011,2017-07-11,1454
1012,2017-07-11,1455
1013,2017-07-11,1456
1014,2017-07-12,1457
1015,2017-07-12,1458
1016,2017-07-12,1459
1017,2017-07-12,1460
1018,2017-07-12,1461
1019,2017-07-12,1462
1020,2017-07-12,1463
1021,2017-07-12,1464
1022,2017-07-12,1465
1023,2017-07-12,1466
1024,2017-07-12,1467
1025,2017-07-12,1468
1026,2017-07-12,1469
1027,2017-07-12,1470
1028,2017-07-12,1471
1029,2017-07-12,1472
1030,2017-07-12,1473
1031,2017-07-12,1474
1032,2017-07-12,1475
1033,2017-07-12,1476
1034,2017-07-12,1477
1035,2017-07-12,1478
1036,2017-07-12,1479
1037,2017-07-12,1480
1038,2017-07-12,1481
1039,2017-07-12,1482
68,2017-07-12,1480
1040,2017-07-14,1481
1041,2017-07-17,1482
69,2017-07-17,1481
70,2017-07-18,1480
1042,2017-07-19,1481
71,2017-07-19,1480
1043,2017-07-20,1481
1044,2017-07-20,1482
1045,2017-07-21,1483
72,2017-07-23,1480
1046,2017-07-24,1481
1047,2017-07-25,1482
1048,2017-07-26,1483
1049,2017-07-26,1484
1050,2017-07-27,1485
73,2017-07-31,1483
74,2017-08-01,1481
75,2017-08-02,1480
76,2017-08-06,1479
1051,2017-08-08,1480
1052,2017-08-08,1481
77,2017-08-09,1480
1053,2017-08-11,1481
1054,2017-08-11,1482
1055,2017-08-14,1483
1056,2017-08-14,1484
1057,2017-08-14,1485
1058,2017-08-14,1486
1059,2017-08-14,1487
1060,2017-08-14,1488
1061,2017-08-14,1489
1062,2017-08-14,1490
1063,2017-08-14,1491
78,2017-08-14,1490
1064,2017-08-15,1491
79,2017-08-15,1486
1065,2017-08-21,1487
1066,2017-08-22,1488
1067,2017-08-28,1489
1068,2017-08-28,1490
1069,2017-08-28,1491
1070,2017-08-28,1492
1071,2017-08-28,1493
1072,2017-08-28,1494
1073,2017-08-28,1495
1074,2017-08-28,1496
1075,2017-08-28,1497
1076,2017-08-28,1498
1077,2017-08-28,1499
1078,2017-08-28,1500
1079,2017-08-28,1501
1080,2017-08-28,1502
80,2017-08-29,1497
81,2017-08-30,1493
82,2017-08-31,1490
83,2017-09-03,1474
84,2017-09-04,1466
1081,2017-09-05,1467
1082,2017-09-08,1468
85,2017-09-11,1467
1083,2017-09-12,1468
1084,2017-09-12,1469
1085,2017-09-13,1470
1086,2017-09-15,1471
1087,2017-09-15,1472
86,2017-09-17,1471
87,2017-09-18,1470
88,2017-09-19,1469
1088,2017-09-20,1470
89,2017-09-20,1468
1089,2017-09-21,1469
90,2017-09-26,1466
1090,2017-09-27,1467
91,2017-09-27,1465
1091,2017-10-04,1466
1092,2017-10-05,1467
1093,2017-10-05,1468
1094,2017-10-05,1469
1095,2017-10-05,1470
1096,2017-10-05,1471
1097,2017-10-05,1472
1098,2017-10-05,1473
1099,2017-10-05,1474
1100,2017-10-06,1475
1101,2017-10-09,1476
1102,2017-10-09,1477
1103,2017-10-09,1478
1104,2017-10-09,1479
1105,2017-10-09,1480
92,2017-10-09,1478
1106,2017-10-09,1479
1107,2017-10-10,1480
1108,2017-10-10,1481
1109,2017-10-10,1482
1110,2017-10-10,1483
1111,2017-10-10,1484
1112,2017-10-10,1485
1113,2017-10-10,1486
1114,2017-10-10,1487
1115,2017-10-10,1488
1116,2017-10-10,1489
1117,2017-10-11,1490
1118,2017-10-11,1491
1119,2017-10-11,1492
1120,2017-10-11,1493
1121,2017-10-11,1494
1122,2017-10-12,1495
1123,2017-10-12,1496
1124,2017-10-12,1497
1125,2017-10-12,1498
1126,2017-10-12,1499
1127,2017-10-13,1500
1128,2017-10-13,1501
1129,2017-10-13,1502
93,2017-10-15,1495
1130,2017-10-16,1496
1131,2017-10-16,1497
1132,2017-10-16,1498
94,2017-10-16,1493
1133,2017-10-17,1494
95,2017-10-17,1492
96,2017-10-18,1489
1134,2017-10-19,1490
1135,2017-10-19,1491
1136,2017-10-19,1492
97,2017-10-19,1491
1137,2017-10-19,1492
1138,2017-10-22,1493
1139,2017-10-22,1494
1140,2017-10-22,1495
1141,2017-10-22,1496
98,2017-10-22,1462
1142,2017-10-23,1463
1143,2017-10-23,1464
1144,2017-10-23,1465
1145,2017-10-23,1466
1146,2017-10-23,1467
1147,2017-10-23,1468
1148,2017-10-23,1469
1149,2017-10-23,1470
99,2017-10-23,1468
1150,2017-10-24,1469
1151,2017-10-24,1470
1152,2017-10-24,1471
1153,2017-10-24,1472
1154,2017-10-24,1473
1155,2017-10-24,1474
1156,2017-10-24,1475
100,2017-10-24,1469
1157,2017-10-25,1470
1158,2017-10-25,1471
1159,2017-10-25,1472
1160,2017-10-25,1473
1161,2017-10-25,1474
1162,2017-10-25,1475
1163,2017-10-25,1476
1164,2017-10-25,1477
1165,2017-10-25,1478
1166,2017-10-25,1479
1167,2017-10-25,1480
1168,2017-10-25,1481
1169,2017-10-25,1482
1170,2017-10-25,1483
1171,2017-10-25,1484
1172,2017-10-25,1485
101,2017-10-25,1483
1173,2017-10-26,1484
1174,2017-10-26,1485
1175,2017-10-26,1486
1176,2017-10-26,1487
1177,2017-10-26,1488
1178,2017-10-26,1489
1179,2017-10-26,1490
102,2017-10-26,1484
1180,2017-10-27,1485
1181,2017-10-27,1486
103,2017-10-29,1484
1182,2017-10-30,1485
1183,2017-10-30,1486
1184,2017-10-30,1487
1185,2017-10-30,1488
104,2017-10-30,1483
1186,2017-10-31,1484
1187,2017-10-31,1485
1188,2017-10-31,1486
105,2017-10-31,1482
1189,2017-11-01,1483
1190,2017-11-01,1484
1191,2017-11-01,1485
1192,2017-11-01,1486
1193,2017-11-01,1487
1194,2017-11-01,1488
1195,2017-11-01,1489
1196,2017-11-01,1490
1197,2017-11-01,1491
1198,2017-11-01,1492
106,2017-11-01,1491
1199,2017-11-02,1492
1200,2017-11-02,1493
1201,2017-11-02,1494
1202,2017-11-02,1495
1203,2017-11-02,1496
1204,2017-11-03,1497
1205,2017-11-03,1498
1206,2017-11-03,1499
1207,2017-11-03,1500
1208,2017-11-03,1501
1209,2017-11-03,1502
1210,2017-11-03,1503
1211,2017-11-03,1504
1212,2017-11-05,1505
1213,2017-11-05,1506
1214,2017-11-05,1507
1215,2017-11-05,1508
1216,2017-11-06,1509
1217,2017-11-06,1510
1218,2017-11-06,1511
1219,2017-11-06,1512
1220,2017-11-06,1513
1221,2017-11-06,1514
1222,2017-11-06,1515
1223,2017-11-06,1516
1224,2017-11-06,1517
1225,2017-11-06,1518
107,2017-11-06,1516
1226,2017-11-07,1517
1227,2017-11-07,1518
1228,2017-11-07,1519
1229,2017-11-07,1520
1230,2017-11-07,1521
1231,2017-11-07,1522
1232,2017-11-07,1523
1233,2017-11-07,1524
1234,2017-11-07,1525
1235,2017-11-07,1526
1236,2017-11-08,1527
1237,2017-11-08,1528
1238,2017-11-08,1529
1239,2017-11-08,1530
1240,2017-11-08,1531
1241,2017-11-08,1532
1242,2017-11-08,1533
1243,2017-11-08,1534
1244,2017-11-08,1535
1245,2017-11-08,1536
1246,2017-11-08,1537
1247,2017-11-08,1538
1248,2017-11-08,1539
1249,2017-11-08,1540
1250,2017-11-08,1541
1251,2017-11-09,1542
1252,2017-11-09,1543
1253,2017-11-09,1544
108,2017-11-09,1543
1254,2017-11-10,1544
1255,2017-11-10,1545
1256,2017-11-10,1546
1257,2017-11-10,1547
1258,2017-11-10,1548
1259,2017-11-10,1549
1260,2017-11-10,1550
1261,2017-11-10,1551
1262,2017-11-10,1552
1263,2017-11-13,1553
1264,2017-11-13,1554
1265,2017-11-13,1555
109,2017-11-13,1553
1266,2017-11-14,1554
1267,2017-11-14,1555
1268,2017-11-14,1556
1269,2017-11-14,1557
1270,2017-11-14,1558
1271,2017-11-15,1559
110,2017-11-15,1556
1272,2017-11-16,1557
1273,2017-11-16,1558
1274,2017-11-16,1559
1275,2017-11-17,1560
1276,2017-11-17,1561
111,2017-11-19,1558
1277,2017-11-20,1559
1278,2017-11-20,1560
1279,2017-11-21,1561
1280,2017-11-22,1562
112,2017-11-22,1561
1281,2017-11-24,1562
1282,2017-11-24,1563
1283,2017-11-24,1564
1284,2017-11-24,1565
1285,2017-11-24,1566
113,2017-11-26,1562
1286,2017-11-26,1563
114,2017-11-27,1562
1287,2017-11-28,1563
1288,2017-11-28,1564
1289,2017-11-28,1565
1290,2017-11-28,1566
1291,2017-11-28,1567
1292,2017-11-29,1568
1293,2017-11-29,1569
1294,2017-11-29,1570
115,2017-11-29,1561
116,2017-11-30,1555
1295,2017-12-01,1556
117,2017-12-03,1545
1296,2017-12-04,1546
118,2017-12-04,1536
1297,2017-12-05,1537
1298,2017-12-05,1538
1299,2017-12-05,1539
119,2017-12-05,1527
1300,2017-12-06,1528
1301,2017-12-07,1529
1302,2017-12-07,1530
1303,2017-12-07,1531
1304,2017-12-07,1532
1305,2017-12-07,1533
1306,2017-12-07,1534
1307,2017-12-07,1535
1308,2017-12-08,1536
1309,2017-12-08,1537
1310,2017-12-08,1538
1311,2017-12-11,1539
1312,2017-12-11,1540
1313,2017-12-11,1541
1314,2017-12-11,1542
1315,2017-12-11,1543
1316,2017-12-11,1544
1317,2017-12-11,1545
1318,2017-12-11,1546
1319,2017-12-11,1547
1320,2017-12-11,1548
1321,2017-12-11,1549
1322,2017-12-11,1550
1323,2017-12-11,1551
1324,2017-12-11,1552
1325,2017-12-11,1553
1326,2017-12-11,1554
1327,2017-12-11,1555
1328,2017-12-11,1556
120,2017-12-11,1554
1329,2017-12-12,1555
1330,2017-12-12,1556
1331,2017-12-12,1557
121,2017-12-12,1556
1332,2017-12-13,1557
1333,2017-12-13,1558
1334,2017-12-13,1559
1335,2017-12-13,1560
1336,2017-12-13,1561
1337,2017-12-13,1562
1338,2017-12-13,1563
1339,2017-12-13,1564
1340,2017-12-13,1565
1341,2017-12-13,1566
1342,2017-12-13,1567
1343,2017-12-13,1568
1344,2017-12-13,1569
1345,2017-12-13,1570
1346,2017-12-13,1571
1347,2017-12-13,1572
1348,2017-12-14,1573
1349,2017-12-14,1574
1350,2017-12-14,1575
1351,2017-12-14,1576
1352,2017-12-14,1577
1353,2017-12-14,1578
1354,2017-12-14,1579
1355,2017-12-14,1580
1356,2017-12-14,1581
1357,2017-12-14,1582
1358,2017-12-14,1583
1359,2017-12-14,1584
1360,2017-12-14,1585
1361,2017-12-14,1586
1362,2017-12-14,1587
1363,2017-12-14,1588
1364,2017-12-14,1589
1365,2017-12-14,1590
1366,2017-12-14,1591
1367,2017-12-14,1592
1368,2017-12-14,1593
122,2017-12-14,1589
1369,2017-12-14,1590
1370,2017-12-15,1591
1371,2017-12-15,1592
1372,2017-12-15,1593
1373,2017-12-15,1594
1374,2017-12-15,1595
1375,2017-12-15,1596
1376,2017-12-15,1597
1377,2017-12-15,1598
1378,2017-12-17,1599
123,2017-12-17,1598
1379,2017-12-18,1599
1380,2017-12-19,1600
1381,2017-12-19,1601
1382,2017-12-19,1602
1383,2017-12-19,1603
1384,2017-12-19,1605
1385,2017-12-29,1606
1386,2017-12-29,1607
1387,2017-12-29,1608
1388,2017-12-29,1609
1389,2017-12-29,1610
124,2017-12-29,1609
125,2017-12-31,1602
126,2018-01-01,1599
127,2018-01-02,1598
128,2018-01-04,1596
129,2018-01-07,1591
1390,2018-01-08,1593
130,2018-01-09,1592
1391,2018-01-10,1593
1392,2018-01-10,1594
1393,2018-01-11,1595
1394,2018-01-11,1596
131,2018-01-14,1586
1395,2018-01-15,1588
1396,2018-01-16,1589
1397,2018-01-16,1590
1398,2018-01-16,1591
132,2018-01-16,1588
1399,2018-01-17,1592
133,2018-01-17,1590
1400,2018-01-19,1591
1401,2018-01-21,1592
134,2018-01-21,1591
1402,2018-01-22,1592
135,2018-01-22,1591
1403,2018-01-23,1592
1404,2018-01-24,1593
1405,2018-01-24,1594
136,2018-01-24,1591
137,2018-01-25,1585
1406,2018-01-26,1586
138,2018-01-28,1585
139,2018-01-29,1584
1407,2018-01-30,1585
1408,2018-01-30,1586
1409,2018-01-30,1587
1410,2018-01-30,1588
1411,2018-01-30,1589
140,2018-01-30,1584
1412,2018-01-31,1585
1413,2018-01-31,1586
1414,2018-01-31,1587
141,2018-01-31,1579
1415,2018-02-01,1580
1416,2018-02-01,1581
1417,2018-02-01,1582
1418,2018-02-01,1583
1419,2018-02-01,1584
1420,2018-02-01,1585
1421,2018-02-01,1586
1422,2018-02-01,1587
1423,2018-02-01,1588
1424,2018-02-01,1589
1425,2018-02-01,1590
142,2018-02-01,1587
1426,2018-02-01,1590
1427,2018-02-02,1591
1428,2018-02-02,1592
1429,2018-02-02,1593
1430,2018-02-02,1594
1431,2018-02-02,1595
1432,2018-02-02,1596
1433,2018-02-02,1597
1434,2018-02-02,1598
1435,2018-02-02,1599
1436,2018-02-02,1600
1437,2018-02-02,1601
1438,2018-02-02,1602
143,2018-02-04,1599
1439,2018-02-05,1600
1440,2018-02-05,1601
1441,2018-02-05,1602
144,2018-02-05,1600
1442,2018-02-05,1601
1443,2018-02-06,1602
1444,2018-02-06,1603
1445,2018-02-06,1604
1446,2018-02-06,1605
145,2018-02-06,1604
1447,2018-02-07,1605
1448,2018-02-07,1606
1449,2018-02-07,1607
1450,2018-02-08,1608
1451,2018-02-08,1609
1452,2018-02-08,1610
1453,2018-02-08,1611
1454,2018-02-08,1612
1455,2018-02-08,1613
1456,2018-02-08,1614
1457,2018-02-09,1615
1458,2018-02-09,1616
1459,2018-02-09,1617
1460,2018-02-09,1618
1461,2018-02-09,1619
1462,2018-02-09,1620
146,2018-02-11,1617
1463,2018-02-11,1619
147,2018-02-12,1618
1464,2018-02-13,1619
148,2018-02-13,1615
1465,2018-02-14,1616
1466,2018-02-14,1619
149,2018-02-14,1616
1467,2018-02-14,1618
1468,2018-02-15,1619
150,2018-02-15,1616
1469,2018-02-15,1617
1470,2018-02-16,1618
1471,2018-02-16,1619
1472,2018-02-16,1620
1473,2018-02-16,1621
1474,2018-02-17,1622
1475,2018-02-18,1623
1476,2018-02-19,1624
1477,2018-02-19,1628
151,2018-02-19,1627
152,2018-02-20,1626
1478,2018-02-20,1627
153,2018-02-21,1621
1479,2018-02-22,1622
1480,2018-02-22,1623
1481,2018-02-22,1624
1482,2018-02-22,1625
1483,2018-02-22,1626
1484,2018-02-22,1627
1485,2018-02-22,1628
154,2018-02-22,1625
1486,2018-02-23,1626
155,2018-02-25,1624
1487,2018-02-26,1625
1488,2018-02-26,1626
1489,2018-02-26,1627
1490,2018-02-26,1628
1491,2018-02-26,1629
1492,2018-02-27,1630
1493,2018-02-27,1631
1494,2018-02-28,1632
1495,2018-02-28,1633
156,2018-02-28,1627
1496,2018-03-01,1628
157,2018-03-01,1626
1497,2018-03-01,1629
1498,2018-03-02,1630
158,2018-03-03,1629
1499,2018-03-04,1632
159,2018-03-04,1629
1500,2018-03-05,1630
1501,2018-03-05,1631
1502,2018-03-05,1632
1503,2018-03-05,1633
1504,2018-03-05,1634
160,2018-03-05,1633
1505,2018-03-05,1638
1506,2018-03-06,1639
1507,2018-03-06,1640
1508,2018-03-06,1641
1509,2018-03-06,1644
161,2018-03-06,1643
1510,2018-03-07,1644
1511,2018-03-07,1645
1512,2018-03-07,1646
1513,2018-03-07,1647
1514,2018-03-07,1648
1515,2018-03-07,1649
1516,2018-03-07,1656
1517,2018-03-08,1657
1518,2018-03-08,1658
1519,2018-03-08,1659
1520,2018-03-08,1660
1521,2018-03-08,1661
1522,2018-03-08,1662
1523,2018-03-08,1663
1524,2018-03-08,1664
1525,2018-03-08,1665
1526,2018-03-08,1666
1527,2018-03-10,1667
1528,2018-03-10,1668
162,2018-03-11,1666
1529,2018-03-11,1668
1530,2018-03-12,1669
1531,2018-03-12,1670
1532,2018-03-12,1677
163,2018-03-12,1672
1533,2018-03-13,1673
1534,2018-03-13,1674
1535,2018-03-13,1675
1536,2018-03-13,1676
1537,2018-03-13,1677
1538,2018-03-13,1678
164,2018-03-13,1677
1539,2018-03-13,1682
1540,2018-03-13,1683
1541,2018-03-13,1684
1542,2018-03-13,1685
1543,2018-03-13,1686
1544,2018-03-14,1687
165,2018-03-14,1685
1545,2018-03-15,1686
1546,2018-03-15,1687
1547,2018-03-15,1688
1548,2018-03-15,1689
1549,2018-03-16,1690
1550,2018-03-16,1691
1551,2018-03-18,1692
1552,2018-03-18,1693
1553,2018-03-18,1694
166,2018-03-18,1691
1554,2018-03-18,1695
1555,2018-03-19,1696
167,2018-03-20,1695
1556,2018-03-20,1696
1557,2018-03-21,1697
1558,2018-03-21,1698
1559,2018-03-21,1699
1560,2018-03-21,1700
1561,2018-03-21,1701
1562,2018-03-21,1702
1563,2018-03-21,1703
1564,2018-03-21,1704
1565,2018-03-21,1705
168,2018-03-21,1699
1566,2018-03-21,1723
1567,2018-03-22,1724
1568,2018-03-22,1725
1569,2018-03-22,1726
1570,2018-03-22,1727
1571,2018-03-22,1728
1572,2018-03-22,1729
1573,2018-03-22,1730
1574,2018-03-22,1731
1575,2018-03-22,1732
1576,2018-03-22,1733
1577,2018-03-22,1734
1578,2018-03-22,1735
1579,2018-03-22,1736
1580,2018-03-22,1737
1581,2018-03-22,1738
1582,2018-03-22,1739
1583,2018-03-22,1740
1584,2018-03-22,1741
1585,2018-03-22,1742
1586,2018-03-22,1743
1587,2018-03-22,1744
1588,2018-03-22,1745
1589,2018-03-22,1746
1590,2018-03-22,1747
1591,2018-03-22,1754
169,2018-03-22,1747
1592,2018-03-23,1748
1593,2018-03-23,1749
1594,2018-03-23,1750
1595,2018-03-23,1751
1596,2018-03-23,1752
1597,2018-03-23,1753
170,2018-03-24,1752
1598,2018-03-25,1761
1599,2018-03-26,1762
1600,2018-03-26,1763
1601,2018-03-26,1764
1602,2018-03-26,1765
1603,2018-03-26,1767
1604,2018-03-27,1769
171,2018-03-27,1766
172,2018-03-28,1763
1605,2018-03-28,1768
1606,2018-03-29,1770
173,2018-03-29,1767
174,2018-03-30,1766
175,2018-03-31,1764
1607,2018-04-01,1767
176,2018-04-01,1765
177,2018-04-02,1759
1608,2018-04-02,1761
178,2018-04-03,1760
1609,2018-04-03,1764
179,2018-04-04,1762
1610,2018-04-04,1766
180,2018-04-05,1762
1611,2018-04-05,1775
1612,2018-04-06,1776
1613,2018-04-08,1778
181,2018-04-08,1776
1614,2018-04-09,1781
182,2018-04-09,1778
183,2018-04-10,1777
1615,2018-04-10,1780
1616,2018-04-11,1781
184,2018-04-11,1780
1617,2018-04-11,1786
1618,2018-04-12,1810
185,2018-04-15,1809
1619,2018-04-15,1813
186,2018-04-16,1812
1620,2018-04-16,1829
187,2018-04-17,1828
1621,2018-04-17,1836
188,2018-04-18,1835
1622,2018-04-18,1836
1623,2018-04-19,1837
1624,2018-04-19,1840
189,2018-04-21,1839
1625,2018-04-23,1840
1626,2018-04-24,1842
1627,2018-04-25,1855
1628,2018-04-26,1856
1629,2018-04-29,1857
190,2018-04-29,1856
191,2018-04-30,1852
1630,2018-04-30,1853
192,2018-05-01,1850
193,2018-05-02,1848
1631,2018-05-02,1850
194,2018-05-03,1849
1632,2018-05-03,1858
195,2018-05-06,1856
1633,2018-05-06,1858
196,2018-05-07,1852
1634,2018-05-07,1865
1635,2018-05-08,1880
197,2018-05-08,1873
1636,2018-05-09,1883
198,2018-05-09,1881
199,2018-05-10,1880
1637,2018-05-10,1885
200,2018-05-13,1884
1638,2018-05-13,1888
1639,2018-05-14,1889
1640,2018-05-14,1890
201,2018-05-14,1881
1641,2018-05-14,1889
1642,2018-05-15,1896
202,2018-05-15,1894
203,2018-05-16,1886
1643,2018-05-16,1890
1644,2018-05-17,1892
204,2018-05-17,1889
1645,2018-05-20,1899
205,2018-05-20,1898
1646,2018-05-21,1899
1647,2018-05-21,1900
1648,2018-05-21,1903
1649,2018-05-21,1904
1650,2018-05-21,1906
1651,2018-05-21,1914
1652,2018-05-22,1921
1653,2018-05-23,1928
206,2018-05-23,1925
1654,2018-05-24,1933
207,2018-05-27,1930
1655,2018-05-27,1931
1656,2018-05-28,1935
208,2018-05-28,1934
1657,2018-05-29,1939
209,2018-05-31,1935
1658,2018-05-31,1941
210,2018-06-03,1937
1659,2018-06-03,1946
211,2018-06-04,1942
1660,2018-06-04,1954
1661,2018-06-05,1967
212,2018-06-05,1966
1662,2018-06-06,1982
213,2018-06-06,1981
1663,2018-06-07,1986
1664,2018-06-08,1987
1665,2018-06-10,2005
1666,2018-06-11,2009
214,2018-06-11,2008
1667,2018-06-12,2020
215,2018-06-12,2018
1668,2018-06-13,2025
1669,2018-06-14,2041
1670,2018-06-17,2058
216,2018-06-17,2057
217,2018-06-18,2055
1671,2018-06-18,2061
1672,2018-06-19,2073
1673,2018-06-20,2080
1674,2018-06-21,2097
1675,2018-06-24,2099
1676,2018-06-25,2104
1677,2018-06-26,2116
218,2018-06-27,2113
1678,2018-06-27,2131
1679,2018-06-28,2132
219,2018-06-28,2129
220,2018-06-29,2128
1680,2018-06-30,2134
221,2018-06-30,2133
1681,2018-07-01,2138
1682,2018-07-02,2143
222,2018-07-02,2142
1683,2018-07-03,2143
1684,2018-07-04,2146
1685,2018-07-05,2147
223,2018-07-08,2142
1686,2018-07-09,2143
224,2018-07-09,2141
1687,2018-07-10,2142
225,2018-07-10,2139
226,2018-07-11,2138
1688,2018-07-12,2139
227,2018-07-14,2138
228,2018-07-15,2137
1689,2018-07-15,2138
229,2018-07-16,2136
1690,2018-07-16,2142
1691,2018-07-17,2147
230,2018-07-17,2144
1692,2018-07-18,2145
1693,2018-07-20,2146
1694,2018-07-21,2147
1695,2018-07-22,2156
231,2018-07-22,2155
1696,2018-07-23,2172
232,2018-07-23,2170
1697,2018-07-24,2172
233,2018-07-24,2170
234,2018-07-25,2169
1698,2018-07-25,2197
1699,2018-07-26,2214
235,2018-07-29,2213
1700,2018-07-29,2216
236,2018-07-30,2215
237,2018-07-30,2211
1701,2018-07-30,2212
238,2018-07-31,2211
239,2018-07-31,2185
1702,2018-07-31,2196
240,2018-08-01,2195
241,2018-08-01,2194
1703,2018-08-01,2200
242,2018-08-02,2199
1704,2018-08-02,2204
243,2018-08-04,2203
244,2018-08-04,2202
245,2018-08-05,2198
1705,2018-08-05,2208
246,2018-08-06,2207
1706,2018-08-06,2225
1707,2018-08-07,2233
247,2018-08-08,2232
1708,2018-08-08,2234
1709,2018-08-08,2235
1710,2018-08-08,2237
248,2018-08-08,2236
249,2018-08-09,2235
1711,2018-08-09,2236
250,2018-08-10,2235
1712,2018-08-11,2236
251,2018-08-12,2235
1713,2018-08-12,2243
252,2018-08-13,2242
1714,2018-08-13,2244
253,2018-08-13,2232
254,2018-08-14,2231
1715,2018-08-14,2250
255,2018-08-14,2246
256,2018-08-15,2245
1716,2018-08-15,2249
257,2018-08-15,2247
258,2018-08-16,2246
1717,2018-08-16,2248
259,2018-08-16,2247
260,2018-08-17,2246
1718,2018-08-17,2248
261,2018-08-18,2247
262,2018-08-19,2246
1719,2018-08-19,2250
263,2018-08-20,2249
1720,2018-08-20,2259
264,2018-08-20,2239
265,2018-08-21,2238
266,2018-08-21,2236
1721,2018-08-21,2246
267,2018-08-22,2245
1722,2018-08-22,2246
268,2018-08-23,2244
1723,2018-08-23,2252
269,2018-08-24,2251
1724,2018-08-24,2254
270,2018-08-25,2253
1725,2018-08-25,2256
271,2018-08-26,2255
1726,2018-08-26,2261
272,2018-08-27,2260
1727,2018-08-27,2271
273,2018-08-27,2268
1728,2018-08-28,2283
274,2018-08-28,2281
275,2018-08-29,2280
1729,2018-08-29,2286
276,2018-08-29,2283
277,2018-08-30,2282
1730,2018-08-30,2283
278,2018-08-30,2280
279,2018-08-31,2279
280,2018-08-31,2277
281,2018-09-01,2276
282,2018-09-02,2275
283,2018-09-02,2273
1731,2018-09-02,2278
284,2018-09-03,2277
285,2018-09-03,2274
1732,2018-09-03,2277
286,2018-09-04,2276
287,2018-09-04,2275
1733,2018-09-04,2280
288,2018-09-05,2279
289,2018-09-05,2277
1734,2018-09-05,2286
290,2018-09-06,2251
1735,2018-09-06,2259
291,2018-09-07,2258
292,2018-09-09,2257
293,2018-09-09,2254
1736,2018-09-09,2260
294,2018-09-11,2259
1737,2018-09-11,2270
295,2018-09-12,2269
1738,2018-09-12,2280
296,2018-09-12,2279
297,2018-09-13,2278
1739,2018-09-13,2288
298,2018-09-14,2287
299,2018-09-15,2286
300,2018-09-16,2285
301,2018-09-16,2284
1740,2018-09-16,2301
1741,2018-09-17,2311
1742,2018-09-18,2323
302,2018-09-18,2321
303,2018-09-19,2320
1743,2018-09-19,2329
304,2018-09-19,2327
305,2018-09-20,2326
1744,2018-09-20,2331
306,2018-09-21,2330
307,2018-09-23,2329
1745,2018-09-23,2330
308,2018-09-23,2329
309,2018-09-24,2328
310,2018-09-25,2327
1746,2018-09-25,2338
311,2018-09-26,2337
1747,2018-09-26,2344
312,2018-09-26,2343
1748,2018-09-27,2344
313,2018-09-27,2343
314,2018-09-27,2340
1749,2018-09-27,2347
315,2018-09-28,2346
316,2018-09-29,2345
1750,2018-09-30,2350
317,2018-09-30,2345
318,2018-10-01,2344
1751,2018-10-01,2349
319,2018-10-02,2348
1752,2018-10-02,2359
320,2018-10-02,2358
321,2018-10-03,2357
1753,2018-10-03,2367
322,2018-10-04,2366
1754,2018-10-04,2368
323,2018-10-04,2344
324,2018-10-05,2343
325,2018-10-05,2342
326,2018-10-06,2341
327,2018-10-07,2338
1755,2018-10-07,2348
328,2018-10-08,2347
329,2018-10-08,2345
1756,2018-10-08,2359
1757,2018-10-09,2378
330,2018-10-09,2376
331,2018-10-10,2375
332,2018-10-10,2374
1758,2018-10-10,2376
333,2018-10-11,2375
1759,2018-10-11,2378
334,2018-10-12,2377
335,2018-10-12,2374
336,2018-10-13,2373
1760,2018-10-13,2374
337,2018-10-14,2373
338,2018-10-14,2370
1761,2018-10-14,2374
339,2018-10-15,2373
340,2018-10-15,2370
1762,2018-10-15,2372
341,2018-10-16,2371
342,2018-10-16,2370
1763,2018-10-16,2381
343,2018-10-17,2380
1764,2018-10-17,2389
344,2018-10-17,2388
1765,2018-10-18,2398
345,2018-10-19,2397
346,2018-10-20,2396
1766,2018-10-21,2400
1767,2018-10-22,2404
347,2018-10-23,2403
348,2018-10-23,2399
1768,2018-10-23,2400
349,2018-10-24,2399
1769,2018-10-24,2401
350,2018-10-25,2400
1770,2018-10-25,2402
351,2018-10-26,2401
352,2018-10-27,2400
353,2018-10-28,2399
354,2018-10-28,2398
1771,2018-10-28,2403
355,2018-10-29,2402
356,2018-10-29,2401
1772,2018-10-29,2402
357,2018-10-30,2395
1773,2018-10-30,2396
1774,2018-10-31,2402
358,2018-10-31,2399
1775,2018-11-01,2405
359,2018-11-02,2404
360,2018-11-03,2403
1776,2018-11-04,2429
361,2018-11-04,2427
362,2018-11-05,2426
363,2018-11-05,2425
1777,2018-11-05,2440
364,2018-11-06,2439
1778,2018-11-06,2453
365,2018-11-07,2452
1779,2018-11-07,2460
366,2018-11-07,2454
367,2018-11-08,2453
1780,2018-11-08,2456
368,2018-11-08,2453
369,2018-11-09,2452
1781,2018-11-09,2453
370,2018-11-10,2452
371,2018-11-11,2451
1782,2018-11-11,2467
372,2018-11-12,2466
373,2018-11-12,2465
1783,2018-11-12,2477
1784,2018-11-13,2485
374,2018-11-14,2484
1785,2018-11-14,2489
1786,2018-11-15,2495
375,2018-11-18,2494
1787,2018-11-18,2495
376,2018-11-19,2494
1788,2018-11-19,2513
1789,2018-11-20,2532
377,2018-11-21,2531
1790,2018-11-21,2548
378,2018-11-21,2547
379,2018-11-22,2546
380,2018-11-25,2545
1791,2018-11-25,2554
381,2018-11-26,2553
1792,2018-11-26,2559
382,2018-11-26,2557
383,2018-11-27,2556
1793,2018-11-27,2562
384,2018-11-27,2560
385,2018-11-28,2559
1794,2018-11-28,2571
386,2018-11-29,2570
1795,2018-11-29,2571
387,2018-11-29,2567
388,2018-11-30,2566
389,2018-12-02,2565
390,2018-12-02,2561
1796,2018-12-02,2562
391,2018-12-03,2561
392,2018-12-03,2544
1797,2018-12-03,2549
393,2018-12-04,2548
1798,2018-12-04,2558
394,2018-12-04,2555
395,2018-12-05,2554
396,2018-12-05,2548
1799,2018-12-05,2551
397,2018-12-06,2476
398,2018-12-07,2475
399,2018-12-08,2474
400,2018-12-09,2469
1800,2018-12-09,2473
401,2018-12-10,2472
1801,2018-12-10,2474
402,2018-12-11,2473
403,2018-12-11,2447
1802,2018-12-11,2450
404,2018-12-12,2438
405,2018-12-13,2437
406,2018-12-13,2429
407,2018-12-14,2428
408,2018-12-16,2427
409,2018-12-17,2426
410,2018-12-19,2425
1803,2018-12-19,2426
1804,2018-12-20,2427
411,2018-12-22,2426
412,2018-12-23,2425
413,2018-12-24,2424
414,2018-12-25,2423
415,2018-12-26,2422
416,2018-12-27,2421
417,2018-12-27,2420
418,2018-12-28,2419
419,2018-12-29,2418
420,2018-12-30,2417
421,2018-12-30,2416
422,2018-12-31,2415
423,2018-12-31,2406
1805,2018-12-31,2408
424,2019-01-02,2407
425,2019-01-02,2406
1806,2019-01-02,2407
426,2019-01-03,2406
427,2019-01-03,2397
428,2019-01-04,2396
429,2019-01-05,2395
430,2019-01-06,2394
431,2019-01-06,2352
1807,2019-01-06,2353
432,2019-01-07,2352
433,2019-01-07,2348
1808,2019-01-07,2354
434,2019-01-08,2353
435,2019-01-08,2350
1809,2019-01-08,2354
436,2019-01-09,2353
1810,2019-01-09,2355
437,2019-01-09,2337
1811,2019-01-10,2338
438,2019-01-10,2330
1812,2019-01-13,2334
439,2019-01-13,2329
440,2019-01-14,2323
441,2019-01-15,2320
1813,2019-01-15,2325
442,2019-01-16,2321
1814,2019-01-16,2323
443,2019-01-17,2322
1815,2019-01-17,2333
444,2019-01-20,2318
1816,2019-01-20,2320
445,2019-01-21,2296
446,2019-01-22,2288
447,2019-01-23,2263
448,2019-01-24,2257
449,2019-01-27,2248
1817,2019-01-27,2253
450,2019-01-28,2246
1818,2019-01-28,2249
1819,2019-01-29,2251
451,2019-01-29,2249
452,2019-01-30,2246
453,2019-01-31,2222
1820,2019-02-03,2227
454,2019-02-03,2224
455,2019-02-04,2177
456,2019-02-05,2176
1821,2019-02-05,2177
457,2019-02-06,2173
1822,2019-02-06,2177
458,2019-02-09,2169
1823,2019-02-10,2172
459,2019-02-10,2166
1824,2019-02-11,2176
460,2019-02-11,2174
1825,2019-02-12,2179
461,2019-02-12,2175
462,2019-02-13,2168
1826,2019-02-13,2172
1827,2019-02-14,2186
463,2019-02-14,2160
464,2019-02-17,2152
1828,2019-02-17,2160
465,2019-02-18,2141
1829,2019-02-18,2149
466,2019-02-19,2136
1830,2019-02-19,2144
467,2019-02-20,2143
1831,2019-02-20,2155
1832,2019-02-21,2157
468,2019-02-21,2155
1833,2019-02-23,2156
1834,2019-02-24,2163
469,2019-02-24,2151
1835,2019-02-25,2158
470,2019-02-25,2155
1836,2019-02-26,2158
471,2019-02-26,2112
472,2019-02-27,2092
1837,2019-02-27,2098
473,2019-02-28,2088
1838,2019-02-28,2098
474,2019-03-01,2087
1839,2019-03-03,2094
475,2019-03-03,2083
1840,2019-03-04,2089
476,2019-03-04,2086
1841,2019-03-05,2087
477,2019-03-05,2075
1842,2019-03-06,2083
478,2019-03-06,2069
479,2019-03-07,2064
1843,2019-03-07,2067
480,2019-03-09,2065
1844,2019-03-10,2070
481,2019-03-10,2063
1845,2019-03-11,2074
482,2019-03-11,2061
1846,2019-03-12,2071
483,2019-03-12,2063
484,2019-03-13,2041
1847,2019-03-13,2054
1848,2019-03-14,2060
485,2019-03-14,2051
486,2019-03-17,2043
1849,2019-03-17,2047
1850,2019-03-18,2053
487,2019-03-18,2049
1851,2019-03-19,2054
488,2019-03-19,2052
489,2019-03-20,2051
1852,2019-03-20,2052
1853,2019-03-21,2055
490,2019-03-21,2054
1854,2019-03-22,2055
491,2019-03-24,2052
1855,2019-03-24,2066
492,2019-03-25,2064
1856,2019-03-25,2067
493,2019-03-26,2064
1857,2019-03-26,2065
494,2019-03-27,2036
1858,2019-03-27,2047
495,2019-03-28,2035
496,2019-03-29,2034
1859,2019-03-30,2035
1860,2019-03-31,2037
497,2019-03-31,2021
1861,2019-04-01,2023
498,2019-04-01,2014
1862,2019-04-02,2020
499,2019-04-02,1975
500,2019-04-03,1967
1863,2019-04-03,1977
1864,2019-04-04,1978
501,2019-04-04,1975
1865,2019-04-06,1976
1866,2019-04-07,1977
502,2019-04-07,1973
503,2019-04-08,1962
504,2019-04-09,1959
1867,2019-04-10,1960
505,2019-04-10,1953
1868,2019-04-11,1962
506,2019-04-11,1958
1869,2019-04-14,1969
507,2019-04-14,1951
508,2019-04-15,1943
1870,2019-04-15,1947
509,2019-04-16,1942
1871,2019-04-16,1951
1872,2019-04-17,1957
510,2019-04-17,1945
511,2019-04-21,1944
512,2019-04-22,1941
1873,2019-04-22,1952
1874,2019-04-23,1956
513,2019-04-23,1952
1875,2019-04-24,1959
514,2019-04-24,1951
515,2019-04-25,1946
1876,2019-04-25,1949
1877,2019-04-28,1953
516,2019-04-28,1941
1878,2019-04-29,1942
517,2019-04-29,1933
518,2019-04-30,1928
1879,2019-05-01,1931
519,2019-05-01,1923
520,2019-05-02,1919
1880,2019-05-03,1920
1881,2019-05-04,1921
521,2019-05-05,1918
1882,2019-05-05,1921
522,2019-05-06,1920
1883,2019-05-06,1921
523,2019-05-07,1920
524,2019-05-08,1916
1884,2019-05-08,1917
525,2019-05-09,1916
526,2019-05-10,1914
1885,2019-05-12,1916
527,2019-05-12,1908
528,2019-05-13,1890
1886,2019-05-13,1896
529,2019-05-14,1894
530,2019-05-15,1878
1887,2019-05-15,1880
531,2019-05-16,1875
1888,2019-05-19,1882
532,2019-05-19,1880
1889,2019-05-20,1891
533,2019-05-20,1888
534,2019-05-21,1886
1890,2019-05-21,1889
535,2019-05-22,1887
1891,2019-05-22,1888
1892,2019-05-23,1889
536,2019-05-23,1885
1893,2019-05-26,1886
537,2019-05-26,1885
1894,2019-05-27,1886
538,2019-05-27,1882
539,2019-05-28,1878
1895,2019-05-28,1881
540,2019-05-29,1877
1896,2019-05-29,1884
1897,2019-05-30,1885
541,2019-05-30,1878
1898,2019-05-31,1880
542,2019-06-01,1879
543,2019-06-02,1817
1899,2019-06-02,1821
1900,2019-06-03,1823
544,2019-06-03,1819
1901,2019-06-04,1822
545,2019-06-04,1820
1902,2019-06-05,1826
546,2019-06-05,1825
547,2019-06-06,1824
1903,2019-06-09,1831
548,2019-06-09,1829
1904,2019-06-10,1837
549,2019-06-10,1834
550,2019-06-11,1829
1905,2019-06-11,1838
551,2019-06-12,1833
1906,2019-06-12,1838
552,2019-06-13,1831
1907,2019-06-13,1833
553,2019-06-17,1829
1908,2019-06-17,1833
554,2019-06-18,1827
1909,2019-06-18,1830
555,2019-06-19,1826
1910,2019-06-19,1828
556,2019-06-20,1827
557,2019-06-22,1826
558,2019-06-23,1820
559,2019-06-24,1814
1911,2019-06-24,1815
560,2019-06-25,1805
1912,2019-06-26,1806
561,2019-06-26,1804
562,2019-06-27,1773
563,2019-06-29,1772
564,2019-06-30,1755
1913,2019-06-30,1757
565,2019-07-01,1753
566,2019-07-02,1748
567,2019-07-04,1745
568,2019-07-07,1740
1914,2019-07-07,1743
569,2019-07-08,1738
1915,2019-07-09,1743
570,2019-07-09,1737
571,2019-07-10,1726
1916,2019-07-10,1732
572,2019-07-11,1723
573,2019-07-14,1715
1917,2019-07-14,1716
574,2019-07-15,1715
1918,2019-07-16,1718
575,2019-07-16,1712
576,2019-07-17,1711
577,2019-07-18,1707
578,2019-07-21,1698
579,2019-07-23,1697
580,2019-07-24,1693
581,2019-07-25,1690
582,2019-07-28,1688
1919,2019-07-28,1689
583,2019-07-29,1670
1920,2019-07-29,1671
584,2019-07-30,1639
585,2019-07-31,1632
1921,2019-07-31,1635
586,2019-08-01,1628
1922,2019-08-02,1629
587,2019-08-04,1620
588,2019-08-05,1616
589,2019-08-06,1612
590,2019-08-07,1608
591,2019-08-08,1607
592,2019-08-09,1606
593,2019-08-11,1595
1923,2019-08-11,1596
594,2019-08-12,1592
595,2019-08-13,1580
1924,2019-08-13,1581
596,2019-08-14,1557
1925,2019-08-14,1562
597,2019-08-15,1556
598,2019-08-18,1554
1926,2019-08-19,1555
599,2019-08-19,1535
600,2019-08-20,1530
1927,2019-08-20,1532
601,2019-08-21,1527
1928,2019-08-21,1528
1929,2019-08-22,1529
602,2019-08-22,1517
1930,2019-08-25,1518
603,2019-08-25,1517
604,2019-08-26,1513
1931,2019-08-26,1514
1932,2019-08-27,1517
605,2019-08-27,1516
606,2019-08-29,1510
607,2019-09-01,1506
1933,2019-09-01,1508
608,2019-09-02,1506
1934,2019-09-02,1508
609,2019-09-03,1507
1935,2019-09-03,1508
610,2019-09-04,1504
611,2019-09-05,1502
1936,2019-09-05,1505
1937,2019-09-08,1508
612,2019-09-08,1504
1938,2019-09-09,1505
1939,2019-09-10,1510
613,2019-09-10,1506
614,2019-09-11,1504
615,2019-09-14,1503
1940,2019-09-15,1505
616,2019-09-16,1503
1941,2019-09-17,1504
617,2019-09-17,1503
1942,2019-09-25,1508
618,2019-09-26,1507
619,2019-09-27,1506
1943,2019-09-29,1509
620,2019-09-29,1504
1944,2019-09-30,1517
621,2019-09-30,1514
1945,2019-10-01,1518
622,2019-10-02,1517
623,2019-10-03,1508
1946,2019-10-04,1509
624,2019-10-06,1504
1947,2019-10-06,1505
625,2019-10-07,1498
626,2019-10-08,1494
1948,2019-10-09,1495
627,2019-10-10,1492
628,2019-10-13,1483
1949,2019-10-13,1485
629,2019-10-15,1482
1950,2019-10-15,1489
1951,2019-10-19,1495
630,2019-10-20,1494
1952,2019-10-21,1499
631,2019-10-21,1497
1953,2019-10-22,1506
1954,2019-10-23,1510
1955,2019-10-24,1511
1956,2019-10-27,1512
1957,2019-10-28,1516
632,2019-10-28,1513
1958,2019-10-29,1515
633,2019-10-29,1505
634,2019-10-30,1503
1959,2019-10-31,1509
635,2019-10-31,1506
1960,2019-11-03,1511
636,2019-11-03,1507
1961,2019-11-04,1511
637,2019-11-04,1510
1962,2019-11-05,1517
638,2019-11-05,1502
639,2019-11-06,1476
1963,2019-11-06,1485
1964,2019-11-07,1490
1965,2019-11-09,1491
640,2019-11-10,1489
1966,2019-11-10,1491
1967,2019-11-11,1495
1968,2019-11-12,1503
641,2019-11-12,1502
1969,2019-11-13,1506
1970,2019-11-14,1523
1971,2019-11-15,1524
1972,2019-11-16,1525
1973,2019-11-17,1532
642,2019-11-17,1527
1974,2019-11-18,1531
1975,2019-11-19,1532
1976,2019-11-19,1535
1977,2019-11-20,1539
643,2019-11-20,1538
1978,2019-11-21,1541
644,2019-11-21,1540
1979,2019-11-22,1542
645,2019-11-22,1541
1980,2019-11-24,1542
1981,2019-11-25,1544
1982,2019-11-26,1550
1983,2019-11-27,1553
646,2019-11-28,1552
1984,2019-11-28,1555
1985,2019-12-01,1556
647,2019-12-01,1555
648,2019-12-02,1554
649,2019-12-03,1551
1986,2019-12-03,1553
1987,2019-12-04,1557
650,2019-12-05,1556
651,2019-12-08,1554
1988,2019-12-09,1555
652,2019-12-12,1554
653,2019-12-15,1553
654,2019-12-22,1552
655,2019-12-30,1549
1989,2019-12-30,1550
656,2019-12-31,1537
1990,2020-01-02,1538
1991,2020-01-05,1539
657,2020-01-05,1533
658,2020-01-06,1531
659,2020-01-07,1528
1992,2020-01-08,1530
1993,2020-01-09,1532
660,2020-01-09,1529
1994,2020-01-12,1531
661,2020-01-12,1527
1995,2020-01-13,1528
662,2020-01-13,1524
663,2020-01-14,1498
1996,2020-01-14,1501
1997,2020-01-15,1503
664,2020-01-15,1502
1998,2020-01-16,1505
665,2020-01-16,1503
1999,2020-01-19,1504
666,2020-01-19,1497
667,2020-01-20,1495
2000,2020-01-20,1496
668,2020-01-21,1495
2001,2020-01-21,1500
669,2020-01-22,1499
2002,2020-01-22,1500
670,2020-01-23,1498
2003,2020-01-23,1501
671,2020-01-26,1499
672,2020-01-27,1497
673,2020-01-28,1495
2004,2020-01-28,1496
2005,2020-01-29,1498
674,2020-01-29,1496
675,2020-01-30,1487
676,2020-01-31,1486
677,2020-02-01,1484
2006,2020-02-02,1485
678,2020-02-02,1468
679,2020-02-03,1453
2007,2020-02-03,1458
680,2020-02-04,1447
2008,2020-02-04,1448
681,2020-02-05,1447
2009,2020-02-06,1448
2010,2020-02-09,1450
682,2020-02-09,1443
683,2020-02-10,1439
2011,2020-02-10,1440
2012,2020-02-12,1441
684,2020-02-12,1440
685,2020-02-13,1436
2013,2020-02-13,1439
2014,2020-02-14,1440
2015,2020-02-15,1441
686,2020-02-16,1438
2016,2020-02-16,1439
687,2020-02-17,1438
2017,2020-02-17,1442
688,2020-02-18,1439
2018,2020-02-18,1442
689,2020-02-19,1437
2019,2020-02-19,1438
2020,2020-02-20,1439
690,2020-02-20,1438
691,2020-02-23,1435
2021,2020-02-24,1440
692,2020-02-25,1436
2022,2020-02-25,1440
2023,2020-02-26,1442
693,2020-02-27,1433
2024,2020-02-27,1435
694,2020-02-29,1433
695,2020-03-01,1426
2025,2020-03-01,1435
696,2020-03-02,1434
2026,2020-03-02,1449
2027,2020-03-03,1472
697,2020-03-03,1471
698,2020-03-04,1470
2028,2020-03-04,1490
2029,2020-03-05,1493
699,2020-03-05,1491
2030,2020-03-08,1510
700,2020-03-08,1508
2031,2020-03-09,1512
701,2020-03-09,1508
2032,2020-03-10,1511
702,2020-03-10,1510
2033,2020-03-11,1515
703,2020-03-11,1512
2034,2020-03-12,1515
704,2020-03-12,1513
705,2020-03-14,1512
706,2020-03-15,1507
2035,2020-03-15,1509
2036,2020-03-16,1511
707,2020-03-16,1510
2037,2020-03-17,1516
708,2020-03-17,1515
2038,2020-03-18,1516
709,2020-03-18,1514
710,2020-03-19,1511
2039,2020-03-20,1512
711,2020-03-20,1511
712,2020-03-22,1502
713,2020-03-23,1496
714,2020-03-24,1487
715,2020-03-26,1460
716,2020-03-29,1458
2040,2020-03-29,1459
717,2020-03-30,1458
718,2020-03-31,1452
719,2020-04-01,1447
720,2020-04-02,1445
721,2020-04-07,1440
722,2020-04-08,1438
723,2020-04-11,1437
2041,2020-04-15,1438
2042,2020-04-16,1439
2043,2020-04-16,1440
724,2020-04-16,1439
725,2020-04-19,1432
726,2020-04-22,1431
727,2020-04-29,1428
728,2020-04-30,1427
729,2020-05-03,1426
730,2020-05-04,1425
731,2020-05-06,1424
732,2020-05-10,1423
733,2020-05-11,1421
734,2020-05-13,1418
735,2020-05-14,1414
736,2020-05-19,1412
737,2020-05-24,1411
738,2020-05-27,1406
739,2020-05-31,1402
740,2020-06-01,1400
741,2020-06-02,1399
742,2020-06-04,1396
743,2020-06-09,1392
744,2020-06-11,1391
745,2020-06-25,1390
746,2020-06-28,1389
747,2020-06-30,1387
748,2020-07-05,1386
749,2020-07-06,1375
750,2020-07-07,1373
751,2020-07-14,1372
752,2020-07-16,1371
753,2020-07-22,1369
754,2020-07-28,1368
755,2020-07-29,1367
756,2020-08-02,1364
757,2020-08-03,1363
758,2020-08-05,1362
759,2020-08-06,1361
760,2020-08-09,1360
761,2020-08-11,1359
2044,2020-08-17,1360
2045,2020-08-24,1365
762,2020-08-26,1364
763,2020-08-27,1363
764,2020-08-31,1362
765,2020-09-07,1361
766,2020-09-10,1360
2046,2020-09-13,1361
767,2020-09-20,1360
768,2020-09-24,1359
769,2020-09-28,1358
770,2020-09-29,1356
771,2020-09-30,1355
772,2020-10-04,1354
2047,2020-10-05,1355
773,2020-10-06,1354
2048,2020-10-07,1355
774,2020-10-08,1344
775,2020-10-12,1343
2049,2020-10-13,1344
776,2020-10-14,1343
777,2020-10-19,1342
2050,2020-10-19,1344
778,2020-10-20,1343
2051,2020-10-22,1344
779,2020-10-22,1339
2052,2020-10-25,1340
2053,2020-10-26,1342
2054,2020-10-27,1348
2055,2020-10-28,1353
780,2020-10-28,1352
781,2020-10-29,1350
2056,2020-11-01,1351
782,2020-11-01,1350
2057,2020-11-02,1353
783,2020-11-03,1352
2058,2020-11-03,1355
784,2020-11-05,1354
2059,2020-11-05,1356
2060,2020-11-08,1361
785,2020-11-08,1360
2061,2020-11-09,1361
2062,2020-11-09,1364
786,2020-11-09,1363
2063,2020-11-10,1379
787,2020-11-11,1378
2064,2020-11-15,1386
788,2020-11-16,1385
2065,2020-11-16,1386
789,2020-11-17,1385
790,2020-11-18,1384
791,2020-11-19,1382
2066,2020-11-19,1383
2067,2020-11-22,1384
792,2020-11-23,1383
2068,2020-11-24,1384
2069,2020-11-25,1385
793,2020-11-26,1384
2070,2020-11-29,1387
794,2020-11-29,1383
2071,2020-11-30,1388
795,2020-11-30,1385
2072,2020-12-01,1388
2073,2020-12-02,1389
796,2020-12-02,1385
797,2020-12-08,1384
798,2020-12-09,1381
799,2020-12-13,1380
800,2020-12-14,1377
801,2020-12-17,1376
802,2020-12-31,1370
803,2021-01-03,1364
804,2021-01-04,1363
805,2021-01-05,1362
806,2021-01-06,1361
807,2021-01-07,1360
808,2021-01-10,1358
809,2021-01-11,1356
810,2021-01-12,1346
811,2021-01-13,1341
812,2021-01-14,1336
813,2021-01-17,1331
814,2021-01-18,1328
2074,2021-01-18,1329
815,2021-01-19,1328
2075,2021-01-19,1329
816,2021-01-20,1327
817,2021-01-21,1325
2076,2021-01-21,1326
818,2021-01-24,1323
819,2021-01-25,1311
820,2021-01-26,1310
2077,2021-01-27,1311
821,2021-01-27,1309
822,2021-01-28,1304
2078,2021-01-28,1305
2079,2021-01-31,1306
823,2021-01-31,1300
2080,2021-01-31,1301
824,2021-02-01,1293
2081,2021-02-01,1299
825,2021-02-02,1296
826,2021-02-03,1286
827,2021-02-04,1285
2082,2021-02-07,1287
2083,2021-02-07,1292
828,2021-02-07,1290
829,2021-02-08,1288
830,2021-02-09,1286
2084,2021-02-10,1288
831,2021-02-11,1284
2085,2021-02-11,1285
832,2021-02-14,1275
2086,2021-02-14,1276
833,2021-02-15,1270
834,2021-02-16,1268
835,2021-02-17,1263
836,2021-02-21,1258
2087,2021-02-21,1259
837,2021-02-23,1258
838,2021-02-24,1256
839,2021-02-28,1249
2088,2021-02-28,1250
840,2021-03-01,1241
2089,2021-03-01,1242
841,2021-03-02,1235
2090,2021-03-03,1242
842,2021-03-03,1241
843,2021-03-04,1239
2091,2021-03-04,1244
2092,2021-03-05,1247
844,2021-03-07,1241
2093,2021-03-07,1244
2094,2021-03-08,1249
845,2021-03-08,1247
2095,2021-03-09,1248
2096,2021-03-09,1250
846,2021-03-09,1246
847,2021-03-11,1245
2097,2021-03-14,1247
2098,2021-03-14,1248
848,2021-03-14,1245
2099,2021-03-15,1257
849,2021-03-15,1256
2100,2021-03-16,1258
2101,2021-03-17,1268
2102,2021-03-18,1280
850,2021-03-21,1279
2103,2021-03-22,1282
2104,2021-03-22,1284
2105,2021-03-23,1285
851,2021-03-23,1284
2106,2021-03-24,1286
2107,2021-03-24,1291
852,2021-03-24,1289
2108,2021-03-25,1292
853,2021-03-25,1291
2109,2021-03-25,1302
2110,2021-03-26,1304
2111,2021-03-27,1305
2112,2021-03-28,1312
2113,2021-03-29,1321
854,2021-03-29,1320
855,2021-03-30,1319
2114,2021-03-30,1324
2115,2021-03-31,1328
856,2021-03-31,1321
2116,2021-03-31,1323
857,2021-04-01,1322
2117,2021-04-03,1323
858,2021-04-04,1319
2118,2021-04-05,1322
859,2021-04-06,1321
2119,2021-04-06,1322
2120,2021-04-07,1325
2121,2021-04-07,1326
860,2021-04-07,1325
861,2021-04-08,1321
2122,2021-04-08,1324
2123,2021-04-11,1326
2124,2021-04-11,1331
862,2021-04-11,1326
2125,2021-04-12,1328
863,2021-04-12,1325
2126,2021-04-13,1326
864,2021-04-13,1323
2127,2021-04-13,1325
865,2021-04-14,1324
2128,2021-04-14,1326
2129,2021-04-15,1327
866,2021-04-15,1326
2130,2021-04-17,1328
2131,2021-04-18,1330
867,2021-04-18,1327
2132,2021-04-18,1329
2133,2021-04-19,1333
868,2021-04-19,1331
2134,2021-04-19,1334
2135,2021-04-20,1337
2136,2021-04-20,1342
2137,2021-04-21,1346
869,2021-04-21,1342
2138,2021-04-21,1343
870,2021-04-22,1341
2139,2021-04-22,1343
871,2021-04-23,1342
2140,2021-04-25,1344
2141,2021-04-25,1345
872,2021-04-26,1344
2142,2021-04-27,1349
873,2021-04-27,1346
2143,2021-04-27,1347
2144,2021-04-28,1349
874,2021-04-28,1328
875,2021-04-29,1292
2145,2021-04-29,1293
876,2021-04-30,1291
2146,2021-05-01,1294
2147,2021-05-02,1295
2148,2021-05-02,1302
877,2021-05-02,1297
2149,2021-05-03,1300
2150,2021-05-03,1305
2151,2021-05-04,1309
2152,2021-05-04,1314
878,2021-05-04,1312
2153,2021-05-05,1314
879,2021-05-05,1307
2154,2021-05-05,1308
2155,2021-05-06,1309
880,2021-05-06,1281
2156,2021-05-06,1282
2157,2021-05-07,1283
2158,2021-05-09,1287
881,2021-05-09,1277
882,2021-05-10,1273
2159,2021-05-10,1275
2160,2021-05-11,1276
2161,2021-05-11,1277
883,2021-05-11,1273
2162,2021-05-12,1277
884,2021-05-12,1276
2163,2021-05-13,1277
885,2021-05-13,1260
2164,2021-05-13,1264
886,2021-05-15,1263
2165,2021-05-16,1264
2166,2021-05-16,1269
2167,2021-05-17,1272
2168,2021-05-17,1279
887,2021-05-17,1268
2169,2021-05-18,1269
888,2021-05-18,1267
2170,2021-05-18,1269
2171,2021-05-19,1271
889,2021-05-19,1270
2172,2021-05-19,1275
2173,2021-05-20,1278
2174,2021-05-20,1284
890,2021-05-20,1277
2175,2021-05-23,1282
891,2021-05-23,1276
2176,2021-05-24,1278
2177,2021-05-24,1284
892,2021-05-24,1281
2178,2021-05-25,1284
893,2021-05-25,1278
2179,2021-05-25,1286
2180,2021-05-26,1292
894,2021-05-26,1290
2181,2021-05-26,1300
2182,2021-05-27,1305
2183,2021-05-30,1308
895,2021-05-30,1306
2184,2021-05-30,1309
2185,2021-05-31,1314
896,2021-05-31,1298
2186,2021-05-31,1310
2187,2021-06-01,1311
897,2021-06-01,1308
2188,2021-06-01,1309
2189,2021-06-02,1312
898,2021-06-02,1309
2190,2021-06-02,1313
2191,2021-06-03,1315
899,2021-06-03,1313
2192,2021-06-03,1314
900,2021-06-05,1313
2193,2021-06-06,1315
901,2021-06-06,1310
2194,2021-06-06,1313
2195,2021-06-07,1330
2196,2021-06-07,1340
2197,2021-06-08,1344
2198,2021-06-08,1354
902,2021-06-08,1343
2199,2021-06-09,1349
2200,2021-06-09,1354
903,2021-06-09,1352
2201,2021-06-10,1357
2202,2021-06-10,1364
2203,2021-06-11,1365
2204,2021-06-13,1370
904,2021-06-13,1368
2205,2021-06-13,1370
2206,2021-06-14,1375
905,2021-06-14,1369
2207,2021-06-14,1382
2208,2021-06-15,1384
2209,2021-06-16,1385
2210,2021-06-16,1391
2211,2021-06-17,1393
906,2021-06-17,1390
2212,2021-06-17,1404
2213,2021-06-20,1409
2214,2021-06-20,1420
907,2021-06-20,1419
2215,2021-06-21,1423
2216,2021-06-21,1425
908,2021-06-21,1422
2217,2021-06-22,1424
2218,2021-06-22,1433
909,2021-06-22,1430
2219,2021-06-23,1434
910,2021-06-23,1433
2220,2021-06-23,1443
2221,2021-06-24,1444
2222,2021-06-24,1446
911,2021-06-24,1437
2223,2021-06-27,1439
912,2021-06-27,1433
2224,2021-06-27,1440
913,2021-06-28,1438
914,2021-06-29,1420
2225,2021-06-29,1425
2226,2021-06-30,1428
2227,2021-06-30,1429
915,2021-06-30,1427
2228,2021-07-01,1429
916,2021-07-01,1427
2229,2021-07-01,1430
2230,2021-07-04,1432
2231,2021-07-04,1435
917,2021-07-04,1431
2232,2021-07-05,1433
918,2021-07-05,1428
919,2021-07-06,1425
920,2021-07-07,1422
2233,2021-07-07,1428
921,2021-07-08,1423
2234,2021-07-08,1425
2235,2021-07-12,1426
922,2021-07-12,1407
923,2021-07-13,1405
924,2021-07-14,1402
2236,2021-07-15,1403
925,2021-07-18,1402
926,2021-07-19,1400
927,2021-07-20,1398
928,2021-07-21,1396
2237,2021-07-25,1397
2238,2021-07-26,1400
2239,2021-07-26,1401
929,2021-07-26,1400
2240,2021-07-27,1401
2241,2021-07-27,1405
930,2021-07-27,1402
2242,2021-07-28,1404
931,2021-07-28,1401
2243,2021-07-28,1405
2244,2021-07-29,1407
932,2021-07-29,1403
2245,2021-07-30,1404
933,2021-07-30,1403
934,2021-07-31,1398
935,2021-08-01,1390
2246,2021-08-01,1391
2247,2021-08-02,1392
936,2021-08-02,1389
2248,2021-08-02,1391
2249,2021-08-03,1392
937,2021-08-05,1390
938,2021-08-08,1386
2250,2021-08-09,1388
939,2021-08-09,1385
2251,2021-08-10,1387
940,2021-08-10,1385
2252,2021-08-11,1386
941,2021-08-11,1385
2253,2021-08-11,1388
942,2021-08-12,1387
2254,2021-08-15,1388
943,2021-08-15,1386
2255,2021-08-16,1388
2256,2021-08-16,1389
944,2021-08-19,1384
945,2021-08-22,1381
2257,2021-08-23,1383
946,2021-08-24,1382
947,2021-08-25,1381
948,2021-08-26,1380
949,2021-08-27,1379
950,2021-08-29,1376
2258,2021-08-30,1377
951,2021-08-30,1373
952,2021-08-31,1370
953,2021-09-04,1369
2259,2021-09-05,1371
954,2021-09-05,1368
955,2021-09-06,1367
2260,2021-09-09,1368
956,2021-09-09,1366
2261,2021-09-14,1367
957,2021-09-14,1363
2262,2021-09-15,1364
958,2021-09-15,1358
959,2021-09-16,1351
960,2021-09-19,1350
2263,2021-09-19,1352
2264,2021-09-20,1353
2265,2021-09-20,1354
961,2021-09-20,1352
2266,2021-09-21,1356
2267,2021-09-21,1357
2268,2021-09-22,1358
962,2021-09-22,1354
2269,2021-09-22,1356
2270,2021-09-23,1357
963,2021-09-25,1356
964,2021-09-26,1354
2271,2021-09-27,1355
965,2021-09-27,1348
2272,2021-09-28,1349
966,2021-09-28,1342
2273,2021-09-28,1347
967,2021-09-29,1346
2274,2021-09-29,1347
968,2021-09-29,1259
969,2021-09-30,1258
970,2021-10-02,1251
971,2021-10-03,1241
2275,2021-10-03,1242
972,2021-10-04,1240
2276,2021-10-04,1243
2277,2021-10-05,1248
2278,2021-10-06,1250
2279,2021-10-06,1252
973,2021-10-06,1251
2280,2021-10-07,1252
2281,2021-10-07,1254
974,2021-10-07,1251
2282,2021-10-10,1254
975,2021-10-10,1246
2283,2021-10-11,1249
2284,2021-10-11,1254
976,2021-10-11,1252
2285,2021-10-12,1257
2286,2021-10-12,1261
977,2021-10-12,1257
2287,2021-10-13,1261
2288,2021-10-13,1266
978,2021-10-13,1265
2289,2021-10-14,1269
979,2021-10-14,1264
2290,2021-10-14,1266
2291,2021-10-15,1268
2292,2021-10-17,1269
980,2021-10-17,1268
2293,2021-10-17,1270
2294,2021-10-18,1274
981,2021-10-18,1270
2295,2021-10-18,1274
2296,2021-10-19,1275
982,2021-10-19,1268
2297,2021-10-19,1270
2298,2021-10-20,1274
2299,2021-10-21,1275
2300,2021-10-21,1277
983,2021-10-21,1276
2301,2021-10-22,1277
984,2021-10-24,1274
2302,2021-10-24,1277
2303,2021-10-25,1281
2304,2021-10-25,1289
985,2021-10-25,1288
2305,2021-10-26,1289
986,2021-10-26,1277
2306,2021-10-26,1280
2307,2021-10-27,1283
2308,2021-10-27,1289
987,2021-10-27,1283
2309,2021-10-28,1284
2310,2021-10-28,1285
988,2021-10-28,1283
2311,2021-10-31,1285
2312,2021-10-31,1287
989,2021-10-31,1279
2313,2021-11-01,1285
2314,2021-11-01,1292
990,2021-11-01,1290
2315,2021-11-02,1291
991,2021-11-02,1290
2316,2021-11-02,1297
2317,2021-11-03,1305
2318,2021-11-03,1314
2319,2021-11-04,1315
992,2021-11-04,1314
993,2021-11-06,1313
2320,2021-11-07,1314
2321,2021-11-07,1315
994,2021-11-07,1304
2322,2021-11-08,1305
995,2021-11-08,1300
2323,2021-11-09,1301
2324,2021-11-09,1304
996,2021-11-09,1293
2325,2021-11-10,1294
997,2021-11-10,1286
2326,2021-11-11,1291
998,2021-11-11,1288
2327,2021-11-11,1291
999,2021-11-13,1282
2328,2021-11-14,1283
1000,2021-11-14,1272
2329,2021-11-14,1278
2330,2021-11-15,1280
2331,2021-11-15,1287
1001,2021-11-15,1280
2332,2021-11-16,1283
2333,2021-11-16,1289
1002,2021-11-16,1285
2334,2021-11-17,1288
2335,2021-11-17,1292
1003,2021-11-17,1287
2336,2021-11-18,1290
1004,2021-11-18,1288
1005,2021-11-20,1287
2337,2021-11-21,1290
1006,2021-11-21,1286
1007,2021-11-22,1283
2338,2021-11-22,1284
2339,2021-11-23,1285
1008,2021-11-23,1281
2340,2021-11-24,1282
2341,2021-11-24,1283
2342,2021-11-25,1285
2343,2021-11-25,1286
1009,2021-11-25,1284
1010,2021-11-28,1283
1011,2021-11-29,1280
1012,2021-11-30,1269
2344,2021-11-30,1272
2345,2021-12-01,1273
1013,2021-12-02,1269
2346,2021-12-02,1270
1014,2021-12-05,1267
2347,2021-12-05,1269
2348,2021-12-06,1272
2349,2021-12-07,1273
1015,2021-12-07,1268
2350,2021-12-08,1270
1016,2021-12-08,1266
1017,2021-12-09,1262
1018,2021-12-12,1259
1019,2021-12-13,1257
1020,2021-12-14,1249
1021,2021-12-16,1248
1022,2021-12-30,1247
1023,2022-01-02,1246
1024,2022-01-03,1243
2351,2022-01-04,1244
1025,2022-01-06,1241
1026,2022-01-07,1240
1027,2022-01-09,1237
2352,2022-01-09,1249
2353,2022-01-10,1251
1028,2022-01-11,1247
2354,2022-01-11,1248
2355,2022-01-12,1251
1029,2022-01-12,1249
1030,2022-01-13,1246
1031,2022-01-15,1245
2356,2022-01-16,1246
1032,2022-01-16,1244
1033,2022-01-17,1239
2357,2022-01-17,1240
2358,2022-01-18,1244
1034,2022-01-18,1240
2359,2022-01-19,1245
1035,2022-01-19,1238
1036,2022-01-20,1235
2360,2022-01-23,1236
1037,2022-01-23,1226
1038,2022-01-24,1224
2361,2022-01-25,1225
1039,2022-01-25,1220
1040,2022-01-27,1218
1041,2022-01-30,1214
1042,2022-01-31,1206
1043,2022-02-01,1205
1044,2022-02-02,1203
1045,2022-02-03,1194
1046,2022-02-05,1193
2362,2022-02-06,1194
1047,2022-02-06,1191
1048,2022-02-07,1186
2363,2022-02-07,1187
1049,2022-02-08,1181
2364,2022-02-09,1182
1050,2022-02-09,1178
1051,2022-02-10,1174
1052,2022-02-12,1173
1053,2022-02-13,1170
1054,2022-02-14,1167
2365,2022-02-14,1168
1055,2022-02-15,1164
1056,2022-02-16,1161
2366,2022-02-16,1163
1057,2022-02-19,1160
1058,2022-02-20,1158
2367,2022-02-21,1164
1059,2022-02-21,1144
2368,2022-02-22,1158
2369,2022-02-23,1162
1060,2022-02-24,1161
2370,2022-02-27,1164
1061,2022-02-27,1162
2371,2022-02-28,1164
1062,2022-02-28,1142
1063,2022-03-01,1141
2372,2022-03-02,1144
1064,2022-03-02,1143
2373,2022-03-03,1144
1065,2022-03-03,1135
1066,2022-03-06,1133
2374,2022-03-06,1135
2375,2022-03-07,1136
1067,2022-03-07,1116
2376,2022-03-08,1119
1068,2022-03-08,1091
2377,2022-03-09,1097
1069,2022-03-09,1094
1070,2022-03-10,1092
2378,2022-03-10,1094
1071,2022-03-13,1089
2379,2022-03-13,1090
1072,2022-03-14,1082
2380,2022-03-14,1087
2381,2022-03-15,1089
1073,2022-03-15,1083
1074,2022-03-16,1081
2382,2022-03-16,1085
2383,2022-03-17,1087
1075,2022-03-20,1086
2384,2022-03-20,1087
2385,2022-03-21,1089
2386,2022-03-22,1096
1076,2022-03-22,1087
2387,2022-03-23,1095
1077,2022-03-24,1094
2388,2022-03-24,1096
1078,2022-03-26,1095
2389,2022-03-27,1106
1079,2022-03-27,1098
2390,2022-03-28,1103
1080,2022-03-28,1094
2391,2022-03-29,1102
1081,2022-03-29,1095
2392,2022-03-30,1099
1082,2022-03-30,1093
1083,2022-03-31,1086
2393,2022-04-03,1089
1084,2022-04-03,1086
1085,2022-04-04,1076
2394,2022-04-04,1077
1086,2022-04-05,1075
2395,2022-04-05,1081
1087,2022-04-06,1079
2396,2022-04-06,1083
2397,2022-04-07,1097
1088,2022-04-08,1096
2398,2022-04-10,1099
1089,2022-04-11,1098
2399,2022-04-11,1102
2400,2022-04-12,1105
2401,2022-04-13,1107
1090,2022-04-13,1106
2402,2022-04-14,1107
1091,2022-04-14,1101
2403,2022-04-15,1102
2404,2022-04-16,1103
1092,2022-04-17,1102
2405,2022-04-18,1105
1093,2022-04-18,1100
2406,2022-04-19,1108
1094,2022-04-19,1107
2407,2022-04-20,1108
1095,2022-04-20,1105
2408,2022-04-21,1114
1096,2022-04-21,1112
2409,2022-04-24,1118
1097,2022-04-24,1117
2410,2022-04-25,1119
1098,2022-04-25,1117
2411,2022-04-26,1121
2412,2022-04-27,1126
1099,2022-04-28,1118
2413,2022-04-28,1125
1100,2022-04-29,1124
1101,2022-05-01,1115
2414,2022-05-01,1116
1102,2022-05-02,1115
2415,2022-05-02,1118
2416,2022-05-03,1121
2417,2022-05-04,1124
1103,2022-05-04,1122
1104,2022-05-05,1120
2418,2022-05-05,1124
1105,2022-05-08,1119
2419,2022-05-08,1120
1106,2022-05-09,1118
2420,2022-05-09,1124
1107,2022-05-10,1122
2421,2022-05-10,1129
2422,2022-05-11,1134
1108,2022-05-12,1132
1109,2022-05-15,1130
1110,2022-05-16,1121
1111,2022-05-17,1113
1112,2022-05-18,1112
1113,2022-05-19,1109
2423,2022-05-19,1110
1114,2022-05-22,1107
2424,2022-05-22,1129
1115,2022-05-23,1121
2425,2022-05-23,1128
2426,2022-05-24,1142
1116,2022-05-24,1140
2427,2022-05-25,1143
2428,2022-05-26,1145
1117,2022-05-26,1143
1118,2022-05-28,1142
1119,2022-05-29,1138
2429,2022-05-29,1142
1120,2022-05-30,1138
2430,2022-05-30,1149
2431,2022-05-31,1152
1121,2022-05-31,1142
2432,2022-06-01,1151
1122,2022-06-01,1147
1123,2022-06-02,1146
1124,2022-06-04,1140
2433,2022-06-05,1146
1125,2022-06-05,1144
2434,2022-06-06,1162
1126,2022-06-06,1158
1127,2022-06-07,1153
2435,2022-06-07,1165
1128,2022-06-08,1164
2436,2022-06-08,1173
2437,2022-06-09,1177
2438,2022-06-11,1178
2439,2022-06-12,1193
1129,2022-06-12,1192
1130,2022-06-13,1190
2440,2022-06-13,1212
2441,2022-06-14,1229
1131,2022-06-14,1223
2442,2022-06-15,1226
1132,2022-06-15,1224
2443,2022-06-16,1226
1133,2022-06-16,1214
2444,2022-06-19,1227
1134,2022-06-19,1225
1135,2022-06-20,1221
2445,2022-06-20,1236
2446,2022-06-21,1256
1136,2022-06-21,1250
1137,2022-06-22,1247
2447,2022-06-22,1253
1138,2022-06-23,1250
2448,2022-06-23,1258
2449,2022-06-24,1260
2450,2022-06-26,1270
1139,2022-06-27,1264
2451,2022-06-27,1286
2452,2022-06-28,1299
1140,2022-06-29,1293
2453,2022-06-29,1299
2454,2022-06-30,1301
1141,2022-06-30,1300
1142,2022-07-03,1298
2455,2022-07-03,1301
2456,2022-07-04,1302
1143,2022-07-04,1301
2457,2022-07-05,1302
1144,2022-07-05,1298
2458,2022-07-06,1301
1145,2022-07-06,1300
1146,2022-07-07,1297
2459,2022-07-09,1298
1147,2022-07-09,1297
2460,2022-07-10,1299
1148,2022-07-10,1293
2461,2022-07-11,1301
2462,2022-07-12,1305
1149,2022-07-13,1304
2463,2022-07-13,1314
2464,2022-07-14,1315
1150,2022-07-18,1311
2465,2022-07-19,1315
1151,2022-07-19,1314
1152,2022-07-20,1313
2466,2022-07-20,1315
1153,2022-07-21,1314
1154,2022-07-24,1312
2467,2022-07-24,1315
2468,2022-07-25,1316
1155,2022-07-26,1314
2469,2022-07-27,1316
2470,2022-07-28,1317
1156,2022-07-28,1314
1157,2022-07-30,1311
1158,2022-07-31,1302
2471,2022-07-31,1304
1159,2022-08-01,1299
1160,2022-08-02,1298
2472,2022-08-02,1299
1161,2022-08-03,1298
1162,2022-08-04,1295
1163,2022-08-07,1283
1164,2022-08-08,1282
1165,2022-08-09,1277
2473,2022-08-09,1280
1166,2022-08-10,1275
1167,2022-08-11,1264
1168,2022-08-12,1260
1169,2022-08-14,1258
2474,2022-08-14,1259
1170,2022-08-15,1257
2475,2022-08-15,1259
1171,2022-08-16,1256
1172,2022-08-17,1255
2476,2022-08-17,1258
2477,2022-08-21,1260
1173,2022-08-21,1259
1174,2022-08-22,1250
2478,2022-08-22,1256
2479,2022-08-23,1257
1175,2022-08-23,1256
2480,2022-08-24,1264
1176,2022-08-24,1251
2481,2022-08-25,1252
1177,2022-08-25,1250
2482,2022-08-28,1251
2483,2022-08-29,1255
1178,2022-08-29,1253
1179,2022-08-30,1247
2484,2022-08-30,1256
1180,2022-08-31,1251
2485,2022-08-31,1261
1181,2022-09-01,1256
1182,2022-09-04,1250
2486,2022-09-04,1256
1183,2022-09-05,1253
2487,2022-09-05,1258
1184,2022-09-06,1254
1185,2022-09-07,1236
2488,2022-09-07,1250
1186,2022-09-08,1248
2489,2022-09-08,1265
1187,2022-09-11,1257
2490,2022-09-11,1282
1188,2022-09-12,1280
2491,2022-09-12,1295
1189,2022-09-13,1290
2492,2022-09-13,1297
1190,2022-09-14,1293
2493,2022-09-14,1296
2494,2022-09-15,1297
1191,2022-09-15,1294
2495,2022-09-18,1308
2496,2022-09-19,1317
1192,2022-09-19,1314
2497,2022-09-20,1318
1193,2022-09-20,1315
1194,2022-09-21,1314
2498,2022-09-21,1318
1195,2022-09-22,1314
2499,2022-09-22,1316
1196,2022-09-24,1314
1197,2022-09-25,1311
2500,2022-09-25,1321
2501,2022-09-26,1326
1198,2022-09-26,1317
2502,2022-09-27,1333
1199,2022-09-27,1330
2503,2022-09-28,1332
1200,2022-09-28,1329
2504,2022-09-29,1331
1201,2022-09-29,1320
1202,2022-09-30,1319
2505,2022-10-02,1323
1203,2022-10-02,1319
1204,2022-10-03,1317
2506,2022-10-03,1323
2507,2022-10-04,1333
1205,2022-10-04,1332
2508,2022-10-05,1334
1206,2022-10-05,1331
2509,2022-10-06,1333
1207,2022-10-06,1330
1208,2022-10-09,1324
2510,2022-10-09,1326
2511,2022-10-10,1330
2512,2022-10-11,1337
1209,2022-10-12,1335
2513,2022-10-12,1347
1210,2022-10-13,1340
1211,2022-10-16,1336
2514,2022-10-16,1338
1212,2022-10-17,1337
2515,2022-10-17,1342
2516,2022-10-18,1353
1213,2022-10-18,1352
1214,2022-10-19,1344
2517,2022-10-19,1355
2518,2022-10-20,1356
1215,2022-10-20,1352
1216,2022-10-21,1351
1217,2022-10-23,1341
2519,2022-10-23,1348
2520,2022-10-24,1363
1218,2022-10-24,1360
2521,2022-10-25,1367
1219,2022-10-25,1366
2522,2022-10-26,1370
1220,2022-10-26,1367
2523,2022-10-27,1368
1221,2022-10-27,1366
1222,2022-10-30,1361
2524,2022-10-30,1369
1223,2022-10-31,1359
2525,2022-10-31,1361
1224,2022-11-01,1354
2526,2022-11-01,1358
1225,2022-11-02,1355
2527,2022-11-02,1365
2528,2022-11-03,1366
1226,2022-11-03,1364
2529,2022-11-06,1369
1227,2022-11-06,1363
1228,2022-11-07,1360
2530,2022-11-07,1364
2531,2022-11-08,1367
1229,2022-11-08,1362
1230,2022-11-09,1359
2532,2022-11-09,1365
2533,2022-11-10,1366
1231,2022-11-10,1363
2534,2022-11-11,1364
1232,2022-11-12,1363
2535,2022-11-13,1367
1233,2022-11-13,1359
1234,2022-11-14,1355
2536,2022-11-14,1357
1235,2022-11-15,1354
2537,2022-11-15,1355
2538,2022-11-16,1359
1236,2022-11-16,1358
1237,2022-11-17,1357
1238,2022-11-18,1355
1239,2022-11-20,1351
1240,2022-11-21,1349
2539,2022-11-21,1355
1241,2022-11-22,1349
2540,2022-11-22,1350
2541,2022-11-23,1351
1242,2022-11-23,1349
2542,2022-11-24,1351
1243,2022-11-24,1350
2543,2022-11-27,1351
1244,2022-11-27,1350
2544,2022-11-28,1351
1245,2022-11-29,1350
2545,2022-11-29,1352
2546,2022-11-30,1354
1246,2022-11-30,1345
1247,2022-12-01,1344
1248,2022-12-04,1341
2547,2022-12-05,1342
2548,2022-12-06,1344
1249,2022-12-08,1342
1250,2022-12-11,1340
1251,2022-12-14,1337
1252,2022-12-22,1336
1253,2022-12-23,1335
1254,2022-12-31,1332
1255,2023-01-01,1320
1256,2023-01-02,1319
1257,2023-01-05,1318
2549,2023-01-08,1319
1258,2023-01-08,1298
1259,2023-01-09,1274
1260,2023-01-10,1259
1261,2023-01-11,1256
1262,2023-01-15,1250
1263,2023-01-16,1246
1264,2023-01-17,1232
1265,2023-01-18,1228
1266,2023-01-19,1225
1267,2023-01-22,1222
1268,2023-01-23,1221
2550,2023-01-23,1222
2551,2023-01-24,1223
1269,2023-01-24,1220
1270,2023-01-25,1217
1271,2023-01-26,1215
1272,2023-01-29,1212
1273,2023-01-30,1205
2552,2023-01-31,1206
1274,2023-01-31,1180
1275,2023-02-01,1178
2553,2023-02-01,1182
2554,2023-02-02,1183
1276,2023-02-02,1180
1277,2023-02-05,1156
2555,2023-02-06,1176
1278,2023-02-06,1159
1279,2023-02-07,1122
2556,2023-02-07,1123
1280,2023-02-08,1117
1281,2023-02-09,1100
1282,2023-02-10,1098
1283,2023-02-12,1082
1284,2023-02-13,1077
2557,2023-02-13,1078
1285,2023-02-14,1065
1286,2023-02-15,1060
1287,2023-02-16,1052
1288,2023-02-17,1051
1289,2023-02-19,1043
2558,2023-02-19,1044
1290,2023-02-20,1038
1291,2023-02-21,1030
2559,2023-02-21,1031
1292,2023-02-22,1028
1293,2023-02-23,1026
1294,2023-02-25,1025
1295,2023-02-26,1019
1296,2023-02-27,1000
1297,2023-02-28,967
2560,2023-02-28,968
2561,2023-03-01,969
1298,2023-03-01,962
1299,2023-03-02,954
1300,2023-03-04,953
1301,2023-03-05,932
1302,2023-03-06,921
2562,2023-03-06,923
1303,2023-03-07,908
1304,2023-03-08,898
1305,2023-03-09,881
1306,2023-03-10,879
1307,2023-03-12,869
2563,2023-03-12,873
1308,2023-03-13,848
2564,2023-03-13,850
1309,2023-03-14,841
2565,2023-03-15,843
1310,2023-03-15,831
2566,2023-03-16,835
1311,2023-03-16,814
1312,2023-03-17,809
1313,2023-03-19,803
1314,2023-03-20,800
2567,2023-03-21,801
1315,2023-03-21,795
1316,2023-03-22,784
2568,2023-03-22,785
1317,2023-03-23,781
1318,2023-03-26,777
1319,2023-03-27,770
1320,2023-03-28,769
2569,2023-03-28,770
2570,2023-03-29,771
1321,2023-03-29,761
1322,2023-03-30,755
1323,2023-03-31,750
1324,2023-04-01,744
1325,2023-04-02,732
1326,2023-04-03,723
2571,2023-04-03,724
1327,2023-04-04,723
1328,2023-04-07,722
1329,2023-04-09,720
1330,2023-04-10,713
1331,2023-04-11,699
1332,2023-04-12,694
1333,2023-04-13,687
2572,2023-04-13,688
2573,2023-04-14,691
1334,2023-04-14,690
1335,2023-04-16,686
1336,2023-04-17,677
2574,2023-04-17,679
1337,2023-04-18,677
1338,2023-04-19,669
2575,2023-04-19,670
1339,2023-04-20,664
1340,2023-04-23,656
1341,2023-04-24,607
1342,2023-04-25,606
2576,2023-04-25,612
1343,2023-04-27,603
1344,2023-04-29,597
1345,2023-04-30,587
2577,2023-05-01,590
1346,2023-05-01,579
1347,2023-05-02,574
1348,2023-05-03,572
1349,2023-05-04,571
1350,2023-05-06,570
1351,2023-05-07,561
2578,2023-05-07,564
1352,2023-05-08,532
1353,2023-05-09,518
2579,2023-05-09,519
1354,2023-05-10,511
1355,2023-05-12,510
1356,2023-05-14,503
1357,2023-05-16,499
1358,2023-05-17,494
1359,2023-05-18,477
1360,2023-05-21,472
1361,2023-05-22,465
1362,2023-05-23,458
1363,2023-05-24,453
1364,2023-05-25,441
1365,2023-05-26,440
2580,2023-05-28,441
1366,2023-05-28,437
1367,2023-05-30,420
1368,2023-05-31,413
2581,2023-06-01,414
1369,2023-06-01,409
1370,2023-06-03,408
1371,2023-06-04,391
1372,2023-06-05,384
1373,2023-06-06,383
1374,2023-06-07,382
1375,2023-06-08,379
1376,2023-06-11,362
2582,2023-06-11,374
1377,2023-06-12,359
1378,2023-06-13,348
1379,2023-06-14,344
1380,2023-06-15,340
1381,2023-06-18,323
1382,2023-06-19,318
1383,2023-06-21,312
1384,2023-06-22,309
1385,2023-06-25,299
1386,2023-06-26,293
1387,2023-06-27,288
1388,2023-06-28,286
1389,2023-06-29,284
1390,2023-07-02,272
1391,2023-07-03,260
1392,2023-07-04,258
1393,2023-07-05,250
1394,2023-07-06,249
1395,2023-07-09,230
1396,2023-07-10,228
1397,2023-07-11,226
1398,2023-07-12,216
1399,2023-07-16,205
2583,2023-07-16,206
1400,2023-07-17,203
1401,2023-07-18,202
1402,2023-07-19,201
1403,2023-07-23,197
1404,2023-07-24,193
1405,2023-07-25,191
1406,2023-07-26,187
1407,2023-07-27,184
1408,2023-07-29,183
1409,2023-07-30,179
1410,2023-07-31,176
1411,2023-08-02,175
1412,2023-08-03,174
1413,2023-08-06,171
1414,2023-08-07,163
1415,2023-08-09,158
1416,2023-08-10,152
1417,2023-08-13,151
1418,2023-08-14,150
1419,2023-08-15,147
1420,2023-08-20,146
1421,2023-08-21,142
1422,2023-08-22,139
1423,2023-08-23,137
1424,2023-08-24,136
1425,2023-08-27,133
1426,2023-08-28,130
1427,2023-08-29,129
1428,2023-08-30,123
1429,2023-08-31,121
1430,2023-09-02,120
1431,2023-09-03,115
1432,2023-09-04,113
1433,2023-09-05,110
1434,2023-09-06,106
1435,2023-09-07,103
1436,2023-09-10,97
1437,2023-09-11,96
1438,2023-09-12,92
1439,2023-09-13,89
1440,2023-09-14,80
1441,2023-09-16,79
1442,2023-09-17,76
1443,2023-09-18,69
1444,2023-09-19,65
1445,2023-09-21,62
1446,2023-09-25,56
1447,2023-09-28,55
1448,2023-09-30,54
1449,2023-10-01,51
1450,2023-10-02,46
1451,2023-10-03,39
1452,2023-10-04,37
1453,2023-10-08,34
1454,2023-10-09,27
1455,2023-10-10,23
1456,2023-10-11,21
1457,2023-10-12,16
1458,2023-10-14,12
1459,2023-10-16,9
